name,Prot,Pdec,Oamp,rot_amp,con_amp,configuration,dataset
BISdata_expres,28.181277,11.344581,0.400338,,,DS1_1p_5_activity_indi,DS1
FWHMdata_expres,28.181277,11.344581,0.400338,,,DS1_1p_5_activity_indi,DS1
Contrastdata_expres,28.181277,11.344581,0.400338,,,DS1_1p_5_activity_indi,DS1
Halphadata_expres,28.181277,11.344581,0.400338,,,DS1_1p_5_activity_indi,DS1
CaIIdata_expres,28.181277,11.344581,0.400338,,,DS1_1p_5_activity_indi,DS1
BISdata_harps,28.181277,11.344581,0.400338,,,DS1_1p_5_activity_indi,DS1
FWHMdata_harps,28.181277,11.344581,0.400338,,,DS1_1p_5_activity_indi,DS1
Contrastdata_harps,28.181277,11.344581,0.400338,,,DS1_1p_5_activity_indi,DS1
Halphadata_harps,28.181277,11.344581,0.400338,,,DS1_1p_5_activity_indi,DS1
CaIIdata_harps,28.181277,11.344581,0.400338,,,DS1_1p_5_activity_indi,DS1
BISdata_neid,28.181277,11.344581,0.400338,,,DS1_1p_5_activity_indi,DS1
FWHMdata_neid,28.181277,11.344581,0.400338,,,DS1_1p_5_activity_indi,DS1
Contrastdata_neid,28.181277,11.344581,0.400338,,,DS1_1p_5_activity_indi,DS1
Halphadata_neid,28.181277,11.344581,0.400338,,,DS1_1p_5_activity_indi,DS1
CaIIdata_neid,28.181277,11.344581,0.400338,,,DS1_1p_5_activity_indi,DS1
BISdata_expres,27.934611,14.052808,0.395265,,,DS1_1p_4_activity_indi,DS1
FWHMdata_expres,27.934611,14.052808,0.395265,,,DS1_1p_4_activity_indi,DS1
Halphadata_expres,27.934611,14.052808,0.395265,,,DS1_1p_4_activity_indi,DS1
CaIIdata_expres,27.934611,14.052808,0.395265,,,DS1_1p_4_activity_indi,DS1
BISdata_harps,27.934611,14.052808,0.395265,,,DS1_1p_4_activity_indi,DS1
FWHMdata_harps,27.934611,14.052808,0.395265,,,DS1_1p_4_activity_indi,DS1
Halphadata_harps,27.934611,14.052808,0.395265,,,DS1_1p_4_activity_indi,DS1
CaIIdata_harps,27.934611,14.052808,0.395265,,,DS1_1p_4_activity_indi,DS1
BISdata_neid,27.934611,14.052808,0.395265,,,DS1_1p_4_activity_indi,DS1
FWHMdata_neid,27.934611,14.052808,0.395265,,,DS1_1p_4_activity_indi,DS1
Halphadata_neid,27.934611,14.052808,0.395265,,,DS1_1p_4_activity_indi,DS1
CaIIdata_neid,27.934611,14.052808,0.395265,,,DS1_1p_4_activity_indi,DS1
BISdata_expres,28.109402,29.399885,0.417115,,,DS1_1p_2_activity_indi,DS1
FWHMdata_expres,28.109402,29.399885,0.417115,,,DS1_1p_2_activity_indi,DS1
BISdata_harps,28.109402,29.399885,0.417115,,,DS1_1p_2_activity_indi,DS1
FWHMdata_harps,28.109402,29.399885,0.417115,,,DS1_1p_2_activity_indi,DS1
BISdata_neid,28.109402,29.399885,0.417115,,,DS1_1p_2_activity_indi,DS1
FWHMdata_neid,28.109402,29.399885,0.417115,,,DS1_1p_2_activity_indi,DS1
FWHMdata_expres,27.975445,12.25409,0.361183,,,DS1_1p_ccfs,DS1
Contrastdata_expres,27.975445,12.25409,0.361183,,,DS1_1p_ccfs,DS1
FWHMdata_harps,27.975445,12.25409,0.361183,,,DS1_1p_ccfs,DS1
Contrastdata_harps,27.975445,12.25409,0.361183,,,DS1_1p_ccfs,DS1
FWHMdata_neid,27.975445,12.25409,0.361183,,,DS1_1p_ccfs,DS1
Contrastdata_neid,27.975445,12.25409,0.361183,,,DS1_1p_ccfs,DS1
BISdata_expres,28.568214,10.063937,0.376953,,,DS1_2p_5_activity_indi,DS1
FWHMdata_expres,28.568214,10.063937,0.376953,,,DS1_2p_5_activity_indi,DS1
Contrastdata_expres,28.568214,10.063937,0.376953,,,DS1_2p_5_activity_indi,DS1
Halphadata_expres,28.568214,10.063937,0.376953,,,DS1_2p_5_activity_indi,DS1
CaIIdata_expres,28.568214,10.063937,0.376953,,,DS1_2p_5_activity_indi,DS1
BISdata_harps,28.568214,10.063937,0.376953,,,DS1_2p_5_activity_indi,DS1
FWHMdata_harps,28.568214,10.063937,0.376953,,,DS1_2p_5_activity_indi,DS1
Contrastdata_harps,28.568214,10.063937,0.376953,,,DS1_2p_5_activity_indi,DS1
Halphadata_harps,28.568214,10.063937,0.376953,,,DS1_2p_5_activity_indi,DS1
CaIIdata_harps,28.568214,10.063937,0.376953,,,DS1_2p_5_activity_indi,DS1
BISdata_neid,28.568214,10.063937,0.376953,,,DS1_2p_5_activity_indi,DS1
FWHMdata_neid,28.568214,10.063937,0.376953,,,DS1_2p_5_activity_indi,DS1
Contrastdata_neid,28.568214,10.063937,0.376953,,,DS1_2p_5_activity_indi,DS1
Halphadata_neid,28.568214,10.063937,0.376953,,,DS1_2p_5_activity_indi,DS1
CaIIdata_neid,28.568214,10.063937,0.376953,,,DS1_2p_5_activity_indi,DS1
BISdata_expres,28.117852,17.167128,0.419011,,,DS1_2p_4_activity_indi,DS1
FWHMdata_expres,28.117852,17.167128,0.419011,,,DS1_2p_4_activity_indi,DS1
Halphadata_expres,28.117852,17.167128,0.419011,,,DS1_2p_4_activity_indi,DS1
CaIIdata_expres,28.117852,17.167128,0.419011,,,DS1_2p_4_activity_indi,DS1
BISdata_harps,28.117852,17.167128,0.419011,,,DS1_2p_4_activity_indi,DS1
FWHMdata_harps,28.117852,17.167128,0.419011,,,DS1_2p_4_activity_indi,DS1
Halphadata_harps,28.117852,17.167128,0.419011,,,DS1_2p_4_activity_indi,DS1
CaIIdata_harps,28.117852,17.167128,0.419011,,,DS1_2p_4_activity_indi,DS1
BISdata_neid,28.117852,17.167128,0.419011,,,DS1_2p_4_activity_indi,DS1
FWHMdata_neid,28.117852,17.167128,0.419011,,,DS1_2p_4_activity_indi,DS1
Halphadata_neid,28.117852,17.167128,0.419011,,,DS1_2p_4_activity_indi,DS1
CaIIdata_neid,28.117852,17.167128,0.419011,,,DS1_2p_4_activity_indi,DS1
BISdata_expres,28.177399,20.118857,0.381879,,,DS1_2p_2_activity_indi,DS1
FWHMdata_expres,28.177399,20.118857,0.381879,,,DS1_2p_2_activity_indi,DS1
BISdata_harps,28.177399,20.118857,0.381879,,,DS1_2p_2_activity_indi,DS1
FWHMdata_harps,28.177399,20.118857,0.381879,,,DS1_2p_2_activity_indi,DS1
BISdata_neid,28.177399,20.118857,0.381879,,,DS1_2p_2_activity_indi,DS1
FWHMdata_neid,28.177399,20.118857,0.381879,,,DS1_2p_2_activity_indi,DS1
FWHMdata_expres,27.567782,14.477596,0.329014,,,DS1_2p_ccfs,DS1
Contrastdata_expres,27.567782,14.477596,0.329014,,,DS1_2p_ccfs,DS1
FWHMdata_harps,27.567782,14.477596,0.329014,,,DS1_2p_ccfs,DS1
Contrastdata_harps,27.567782,14.477596,0.329014,,,DS1_2p_ccfs,DS1
FWHMdata_neid,27.567782,14.477596,0.329014,,,DS1_2p_ccfs,DS1
Contrastdata_neid,27.567782,14.477596,0.329014,,,DS1_2p_ccfs,DS1
BISdata_expres,28.15169,10.1432,0.367481,,,DS1_3p_4_activity_indi,DS1
FWHMdata_expres,28.15169,10.1432,0.367481,,,DS1_3p_4_activity_indi,DS1
Halphadata_expres,28.15169,10.1432,0.367481,,,DS1_3p_4_activity_indi,DS1
CaIIdata_expres,28.15169,10.1432,0.367481,,,DS1_3p_4_activity_indi,DS1
BISdata_harps,28.15169,10.1432,0.367481,,,DS1_3p_4_activity_indi,DS1
FWHMdata_harps,28.15169,10.1432,0.367481,,,DS1_3p_4_activity_indi,DS1
Halphadata_harps,28.15169,10.1432,0.367481,,,DS1_3p_4_activity_indi,DS1
CaIIdata_harps,28.15169,10.1432,0.367481,,,DS1_3p_4_activity_indi,DS1
BISdata_neid,28.15169,10.1432,0.367481,,,DS1_3p_4_activity_indi,DS1
FWHMdata_neid,28.15169,10.1432,0.367481,,,DS1_3p_4_activity_indi,DS1
Halphadata_neid,28.15169,10.1432,0.367481,,,DS1_3p_4_activity_indi,DS1
CaIIdata_neid,28.15169,10.1432,0.367481,,,DS1_3p_4_activity_indi,DS1
BISdata_expres,27.811217,11.073192,0.390343,,,DS1_3p_5_activity_indi,DS1
FWHMdata_expres,27.811217,11.073192,0.390343,,,DS1_3p_5_activity_indi,DS1
Contrastdata_expres,27.811217,11.073192,0.390343,,,DS1_3p_5_activity_indi,DS1
Halphadata_expres,27.811217,11.073192,0.390343,,,DS1_3p_5_activity_indi,DS1
CaIIdata_expres,27.811217,11.073192,0.390343,,,DS1_3p_5_activity_indi,DS1
BISdata_harps,27.811217,11.073192,0.390343,,,DS1_3p_5_activity_indi,DS1
FWHMdata_harps,27.811217,11.073192,0.390343,,,DS1_3p_5_activity_indi,DS1
Contrastdata_harps,27.811217,11.073192,0.390343,,,DS1_3p_5_activity_indi,DS1
Halphadata_harps,27.811217,11.073192,0.390343,,,DS1_3p_5_activity_indi,DS1
CaIIdata_harps,27.811217,11.073192,0.390343,,,DS1_3p_5_activity_indi,DS1
BISdata_neid,27.811217,11.073192,0.390343,,,DS1_3p_5_activity_indi,DS1
FWHMdata_neid,27.811217,11.073192,0.390343,,,DS1_3p_5_activity_indi,DS1
Contrastdata_neid,27.811217,11.073192,0.390343,,,DS1_3p_5_activity_indi,DS1
Halphadata_neid,27.811217,11.073192,0.390343,,,DS1_3p_5_activity_indi,DS1
CaIIdata_neid,27.811217,11.073192,0.390343,,,DS1_3p_5_activity_indi,DS1
FWHMdata_expres,28.488599,13.706459,0.370589,,,DS1_3p_ccfs,DS1
Contrastdata_expres,28.488599,13.706459,0.370589,,,DS1_3p_ccfs,DS1
FWHMdata_harps,28.488599,13.706459,0.370589,,,DS1_3p_ccfs,DS1
Contrastdata_harps,28.488599,13.706459,0.370589,,,DS1_3p_ccfs,DS1
FWHMdata_neid,28.488599,13.706459,0.370589,,,DS1_3p_ccfs,DS1
Contrastdata_neid,28.488599,13.706459,0.370589,,,DS1_3p_ccfs,DS1
BISdata_expres,27.562871,17.239837,0.396508,,,DS1_3p_2_activity_indi,DS1
FWHMdata_expres,27.562871,17.239837,0.396508,,,DS1_3p_2_activity_indi,DS1
BISdata_harps,27.562871,17.239837,0.396508,,,DS1_3p_2_activity_indi,DS1
FWHMdata_harps,27.562871,17.239837,0.396508,,,DS1_3p_2_activity_indi,DS1
BISdata_neid,27.562871,17.239837,0.396508,,,DS1_3p_2_activity_indi,DS1
FWHMdata_neid,27.562871,17.239837,0.396508,,,DS1_3p_2_activity_indi,DS1
FWHMdata_expres,28.274892,15.252581,0.404232,,,DS2_1p_ccfs,DS2
Contrastdata_expres,28.274892,15.252581,0.404232,,,DS2_1p_ccfs,DS2
FWHMdata_harps,28.274892,15.252581,0.404232,,,DS2_1p_ccfs,DS2
Contrastdata_harps,28.274892,15.252581,0.404232,,,DS2_1p_ccfs,DS2
FWHMdata_neid,28.274892,15.252581,0.404232,,,DS2_1p_ccfs,DS2
Contrastdata_neid,28.274892,15.252581,0.404232,,,DS2_1p_ccfs,DS2
BISdata_expres,28.265028,18.108326,0.432807,,,DS2_1p_2_activity_indi,DS2
FWHMdata_expres,28.265028,18.108326,0.432807,,,DS2_1p_2_activity_indi,DS2
BISdata_harps,28.265028,18.108326,0.432807,,,DS2_1p_2_activity_indi,DS2
FWHMdata_harps,28.265028,18.108326,0.432807,,,DS2_1p_2_activity_indi,DS2
BISdata_neid,28.265028,18.108326,0.432807,,,DS2_1p_2_activity_indi,DS2
FWHMdata_neid,28.265028,18.108326,0.432807,,,DS2_1p_2_activity_indi,DS2
BISdata_expres,28.772932,10.746126,0.381127,,,DS2_1p_4_activity_indi,DS2
FWHMdata_expres,28.772932,10.746126,0.381127,,,DS2_1p_4_activity_indi,DS2
Halphadata_expres,28.772932,10.746126,0.381127,,,DS2_1p_4_activity_indi,DS2
CaIIdata_expres,28.772932,10.746126,0.381127,,,DS2_1p_4_activity_indi,DS2
BISdata_harps,28.772932,10.746126,0.381127,,,DS2_1p_4_activity_indi,DS2
FWHMdata_harps,28.772932,10.746126,0.381127,,,DS2_1p_4_activity_indi,DS2
Halphadata_harps,28.772932,10.746126,0.381127,,,DS2_1p_4_activity_indi,DS2
CaIIdata_harps,28.772932,10.746126,0.381127,,,DS2_1p_4_activity_indi,DS2
BISdata_neid,28.772932,10.746126,0.381127,,,DS2_1p_4_activity_indi,DS2
FWHMdata_neid,28.772932,10.746126,0.381127,,,DS2_1p_4_activity_indi,DS2
Halphadata_neid,28.772932,10.746126,0.381127,,,DS2_1p_4_activity_indi,DS2
CaIIdata_neid,28.772932,10.746126,0.381127,,,DS2_1p_4_activity_indi,DS2
BISdata_expres,27.835487,10.105442,0.422658,,,DS2_1p_5_activity_indi,DS2
FWHMdata_expres,27.835487,10.105442,0.422658,,,DS2_1p_5_activity_indi,DS2
Contrastdata_expres,27.835487,10.105442,0.422658,,,DS2_1p_5_activity_indi,DS2
Halphadata_expres,27.835487,10.105442,0.422658,,,DS2_1p_5_activity_indi,DS2
CaIIdata_expres,27.835487,10.105442,0.422658,,,DS2_1p_5_activity_indi,DS2
BISdata_harps,27.835487,10.105442,0.422658,,,DS2_1p_5_activity_indi,DS2
FWHMdata_harps,27.835487,10.105442,0.422658,,,DS2_1p_5_activity_indi,DS2
Contrastdata_harps,27.835487,10.105442,0.422658,,,DS2_1p_5_activity_indi,DS2
Halphadata_harps,27.835487,10.105442,0.422658,,,DS2_1p_5_activity_indi,DS2
CaIIdata_harps,27.835487,10.105442,0.422658,,,DS2_1p_5_activity_indi,DS2
BISdata_neid,27.835487,10.105442,0.422658,,,DS2_1p_5_activity_indi,DS2
FWHMdata_neid,27.835487,10.105442,0.422658,,,DS2_1p_5_activity_indi,DS2
Contrastdata_neid,27.835487,10.105442,0.422658,,,DS2_1p_5_activity_indi,DS2
Halphadata_neid,27.835487,10.105442,0.422658,,,DS2_1p_5_activity_indi,DS2
CaIIdata_neid,27.835487,10.105442,0.422658,,,DS2_1p_5_activity_indi,DS2
BISdata_expres,28.200977,13.426555,0.390513,,,DS2_2p_2_activity_indi,DS2
FWHMdata_expres,28.200977,13.426555,0.390513,,,DS2_2p_2_activity_indi,DS2
BISdata_harps,28.200977,13.426555,0.390513,,,DS2_2p_2_activity_indi,DS2
FWHMdata_harps,28.200977,13.426555,0.390513,,,DS2_2p_2_activity_indi,DS2
BISdata_neid,28.200977,13.426555,0.390513,,,DS2_2p_2_activity_indi,DS2
FWHMdata_neid,28.200977,13.426555,0.390513,,,DS2_2p_2_activity_indi,DS2
BISdata_expres,27.850277,12.128647,0.380104,,,DS2_2p_4_activity_indi,DS2
FWHMdata_expres,27.850277,12.128647,0.380104,,,DS2_2p_4_activity_indi,DS2
Halphadata_expres,27.850277,12.128647,0.380104,,,DS2_2p_4_activity_indi,DS2
CaIIdata_expres,27.850277,12.128647,0.380104,,,DS2_2p_4_activity_indi,DS2
BISdata_harps,27.850277,12.128647,0.380104,,,DS2_2p_4_activity_indi,DS2
FWHMdata_harps,27.850277,12.128647,0.380104,,,DS2_2p_4_activity_indi,DS2
Halphadata_harps,27.850277,12.128647,0.380104,,,DS2_2p_4_activity_indi,DS2
CaIIdata_harps,27.850277,12.128647,0.380104,,,DS2_2p_4_activity_indi,DS2
BISdata_neid,27.850277,12.128647,0.380104,,,DS2_2p_4_activity_indi,DS2
FWHMdata_neid,27.850277,12.128647,0.380104,,,DS2_2p_4_activity_indi,DS2
Halphadata_neid,27.850277,12.128647,0.380104,,,DS2_2p_4_activity_indi,DS2
CaIIdata_neid,27.850277,12.128647,0.380104,,,DS2_2p_4_activity_indi,DS2
FWHMdata_expres,28.116139,10.567709,0.436591,,,DS2_2p_ccfs,DS2
Contrastdata_expres,28.116139,10.567709,0.436591,,,DS2_2p_ccfs,DS2
FWHMdata_harps,28.116139,10.567709,0.436591,,,DS2_2p_ccfs,DS2
Contrastdata_harps,28.116139,10.567709,0.436591,,,DS2_2p_ccfs,DS2
FWHMdata_neid,28.116139,10.567709,0.436591,,,DS2_2p_ccfs,DS2
Contrastdata_neid,28.116139,10.567709,0.436591,,,DS2_2p_ccfs,DS2
BISdata_expres,26.672228,586.605848,0.394882,,,DS2_2p_5_activity_indi,DS2
FWHMdata_expres,26.672228,586.605848,0.394882,,,DS2_2p_5_activity_indi,DS2
Contrastdata_expres,26.672228,586.605848,0.394882,,,DS2_2p_5_activity_indi,DS2
Halphadata_expres,26.672228,586.605848,0.394882,,,DS2_2p_5_activity_indi,DS2
CaIIdata_expres,26.672228,586.605848,0.394882,,,DS2_2p_5_activity_indi,DS2
BISdata_harps,26.672228,586.605848,0.394882,,,DS2_2p_5_activity_indi,DS2
FWHMdata_harps,26.672228,586.605848,0.394882,,,DS2_2p_5_activity_indi,DS2
Contrastdata_harps,26.672228,586.605848,0.394882,,,DS2_2p_5_activity_indi,DS2
Halphadata_harps,26.672228,586.605848,0.394882,,,DS2_2p_5_activity_indi,DS2
CaIIdata_harps,26.672228,586.605848,0.394882,,,DS2_2p_5_activity_indi,DS2
BISdata_neid,26.672228,586.605848,0.394882,,,DS2_2p_5_activity_indi,DS2
FWHMdata_neid,26.672228,586.605848,0.394882,,,DS2_2p_5_activity_indi,DS2
Contrastdata_neid,26.672228,586.605848,0.394882,,,DS2_2p_5_activity_indi,DS2
Halphadata_neid,26.672228,586.605848,0.394882,,,DS2_2p_5_activity_indi,DS2
CaIIdata_neid,26.672228,586.605848,0.394882,,,DS2_2p_5_activity_indi,DS2
BISdata_expres,28.002102,15.907252,0.410885,,,DS2_3p_2_activity_indi,DS2
FWHMdata_expres,28.002102,15.907252,0.410885,,,DS2_3p_2_activity_indi,DS2
BISdata_harps,28.002102,15.907252,0.410885,,,DS2_3p_2_activity_indi,DS2
FWHMdata_harps,28.002102,15.907252,0.410885,,,DS2_3p_2_activity_indi,DS2
BISdata_neid,28.002102,15.907252,0.410885,,,DS2_3p_2_activity_indi,DS2
FWHMdata_neid,28.002102,15.907252,0.410885,,,DS2_3p_2_activity_indi,DS2
FWHMdata_expres,28.422369,10.433377,0.403279,,,DS2_3p_ccfs,DS2
Contrastdata_expres,28.422369,10.433377,0.403279,,,DS2_3p_ccfs,DS2
FWHMdata_harps,28.422369,10.433377,0.403279,,,DS2_3p_ccfs,DS2
Contrastdata_harps,28.422369,10.433377,0.403279,,,DS2_3p_ccfs,DS2
FWHMdata_neid,28.422369,10.433377,0.403279,,,DS2_3p_ccfs,DS2
Contrastdata_neid,28.422369,10.433377,0.403279,,,DS2_3p_ccfs,DS2
BISdata_expres,27.802171,12.549968,0.368681,,,DS2_3p_4_activity_indi,DS2
FWHMdata_expres,27.802171,12.549968,0.368681,,,DS2_3p_4_activity_indi,DS2
Halphadata_expres,27.802171,12.549968,0.368681,,,DS2_3p_4_activity_indi,DS2
CaIIdata_expres,27.802171,12.549968,0.368681,,,DS2_3p_4_activity_indi,DS2
BISdata_harps,27.802171,12.549968,0.368681,,,DS2_3p_4_activity_indi,DS2
FWHMdata_harps,27.802171,12.549968,0.368681,,,DS2_3p_4_activity_indi,DS2
Halphadata_harps,27.802171,12.549968,0.368681,,,DS2_3p_4_activity_indi,DS2
CaIIdata_harps,27.802171,12.549968,0.368681,,,DS2_3p_4_activity_indi,DS2
BISdata_neid,27.802171,12.549968,0.368681,,,DS2_3p_4_activity_indi,DS2
FWHMdata_neid,27.802171,12.549968,0.368681,,,DS2_3p_4_activity_indi,DS2
Halphadata_neid,27.802171,12.549968,0.368681,,,DS2_3p_4_activity_indi,DS2
CaIIdata_neid,27.802171,12.549968,0.368681,,,DS2_3p_4_activity_indi,DS2
BISdata_expres,28.208453,11.221603,0.422028,,,DS2_3p_5_activity_indi,DS2
FWHMdata_expres,28.208453,11.221603,0.422028,,,DS2_3p_5_activity_indi,DS2
Contrastdata_expres,28.208453,11.221603,0.422028,,,DS2_3p_5_activity_indi,DS2
Halphadata_expres,28.208453,11.221603,0.422028,,,DS2_3p_5_activity_indi,DS2
CaIIdata_expres,28.208453,11.221603,0.422028,,,DS2_3p_5_activity_indi,DS2
BISdata_harps,28.208453,11.221603,0.422028,,,DS2_3p_5_activity_indi,DS2
FWHMdata_harps,28.208453,11.221603,0.422028,,,DS2_3p_5_activity_indi,DS2
Contrastdata_harps,28.208453,11.221603,0.422028,,,DS2_3p_5_activity_indi,DS2
Halphadata_harps,28.208453,11.221603,0.422028,,,DS2_3p_5_activity_indi,DS2
CaIIdata_harps,28.208453,11.221603,0.422028,,,DS2_3p_5_activity_indi,DS2
BISdata_neid,28.208453,11.221603,0.422028,,,DS2_3p_5_activity_indi,DS2
FWHMdata_neid,28.208453,11.221603,0.422028,,,DS2_3p_5_activity_indi,DS2
Contrastdata_neid,28.208453,11.221603,0.422028,,,DS2_3p_5_activity_indi,DS2
Halphadata_neid,28.208453,11.221603,0.422028,,,DS2_3p_5_activity_indi,DS2
CaIIdata_neid,28.208453,11.221603,0.422028,,,DS2_3p_5_activity_indi,DS2
BISdata_expres,28.159951,24.535501,0.358901,,,DS3_1p_2_activity_indi,DS3
FWHMdata_expres,28.159951,24.535501,0.358901,,,DS3_1p_2_activity_indi,DS3
BISdata_harps,28.159951,24.535501,0.358901,,,DS3_1p_2_activity_indi,DS3
FWHMdata_harps,28.159951,24.535501,0.358901,,,DS3_1p_2_activity_indi,DS3
BISdata_neid,28.159951,24.535501,0.358901,,,DS3_1p_2_activity_indi,DS3
FWHMdata_neid,28.159951,24.535501,0.358901,,,DS3_1p_2_activity_indi,DS3
BISdata_expres,28.113133,12.366066,0.412713,,,DS3_1p_4_activity_indi,DS3
FWHMdata_expres,28.113133,12.366066,0.412713,,,DS3_1p_4_activity_indi,DS3
Halphadata_expres,28.113133,12.366066,0.412713,,,DS3_1p_4_activity_indi,DS3
CaIIdata_expres,28.113133,12.366066,0.412713,,,DS3_1p_4_activity_indi,DS3
BISdata_harps,28.113133,12.366066,0.412713,,,DS3_1p_4_activity_indi,DS3
FWHMdata_harps,28.113133,12.366066,0.412713,,,DS3_1p_4_activity_indi,DS3
Halphadata_harps,28.113133,12.366066,0.412713,,,DS3_1p_4_activity_indi,DS3
CaIIdata_harps,28.113133,12.366066,0.412713,,,DS3_1p_4_activity_indi,DS3
BISdata_neid,28.113133,12.366066,0.412713,,,DS3_1p_4_activity_indi,DS3
FWHMdata_neid,28.113133,12.366066,0.412713,,,DS3_1p_4_activity_indi,DS3
Halphadata_neid,28.113133,12.366066,0.412713,,,DS3_1p_4_activity_indi,DS3
CaIIdata_neid,28.113133,12.366066,0.412713,,,DS3_1p_4_activity_indi,DS3
FWHMdata_expres,28.010266,23.442355,0.36291,,,DS3_1p_ccfs,DS3
Contrastdata_expres,28.010266,23.442355,0.36291,,,DS3_1p_ccfs,DS3
FWHMdata_harps,28.010266,23.442355,0.36291,,,DS3_1p_ccfs,DS3
Contrastdata_harps,28.010266,23.442355,0.36291,,,DS3_1p_ccfs,DS3
FWHMdata_neid,28.010266,23.442355,0.36291,,,DS3_1p_ccfs,DS3
Contrastdata_neid,28.010266,23.442355,0.36291,,,DS3_1p_ccfs,DS3
BISdata_expres,27.766776,14.445731,0.393014,,,DS3_1p_5_activity_indi,DS3
FWHMdata_expres,27.766776,14.445731,0.393014,,,DS3_1p_5_activity_indi,DS3
Contrastdata_expres,27.766776,14.445731,0.393014,,,DS3_1p_5_activity_indi,DS3
Halphadata_expres,27.766776,14.445731,0.393014,,,DS3_1p_5_activity_indi,DS3
CaIIdata_expres,27.766776,14.445731,0.393014,,,DS3_1p_5_activity_indi,DS3
BISdata_harps,27.766776,14.445731,0.393014,,,DS3_1p_5_activity_indi,DS3
FWHMdata_harps,27.766776,14.445731,0.393014,,,DS3_1p_5_activity_indi,DS3
Contrastdata_harps,27.766776,14.445731,0.393014,,,DS3_1p_5_activity_indi,DS3
Halphadata_harps,27.766776,14.445731,0.393014,,,DS3_1p_5_activity_indi,DS3
CaIIdata_harps,27.766776,14.445731,0.393014,,,DS3_1p_5_activity_indi,DS3
BISdata_neid,27.766776,14.445731,0.393014,,,DS3_1p_5_activity_indi,DS3
FWHMdata_neid,27.766776,14.445731,0.393014,,,DS3_1p_5_activity_indi,DS3
Contrastdata_neid,27.766776,14.445731,0.393014,,,DS3_1p_5_activity_indi,DS3
Halphadata_neid,27.766776,14.445731,0.393014,,,DS3_1p_5_activity_indi,DS3
CaIIdata_neid,27.766776,14.445731,0.393014,,,DS3_1p_5_activity_indi,DS3
BISdata_expres,27.510821,28.914129,0.351151,,,DS3_2p_2_activity_indi,DS3
FWHMdata_expres,27.510821,28.914129,0.351151,,,DS3_2p_2_activity_indi,DS3
BISdata_harps,27.510821,28.914129,0.351151,,,DS3_2p_2_activity_indi,DS3
FWHMdata_harps,27.510821,28.914129,0.351151,,,DS3_2p_2_activity_indi,DS3
BISdata_neid,27.510821,28.914129,0.351151,,,DS3_2p_2_activity_indi,DS3
FWHMdata_neid,27.510821,28.914129,0.351151,,,DS3_2p_2_activity_indi,DS3
BISdata_expres,28.123847,11.922755,0.409045,,,DS3_2p_5_activity_indi,DS3
FWHMdata_expres,28.123847,11.922755,0.409045,,,DS3_2p_5_activity_indi,DS3
Contrastdata_expres,28.123847,11.922755,0.409045,,,DS3_2p_5_activity_indi,DS3
Halphadata_expres,28.123847,11.922755,0.409045,,,DS3_2p_5_activity_indi,DS3
CaIIdata_expres,28.123847,11.922755,0.409045,,,DS3_2p_5_activity_indi,DS3
BISdata_harps,28.123847,11.922755,0.409045,,,DS3_2p_5_activity_indi,DS3
FWHMdata_harps,28.123847,11.922755,0.409045,,,DS3_2p_5_activity_indi,DS3
Contrastdata_harps,28.123847,11.922755,0.409045,,,DS3_2p_5_activity_indi,DS3
Halphadata_harps,28.123847,11.922755,0.409045,,,DS3_2p_5_activity_indi,DS3
CaIIdata_harps,28.123847,11.922755,0.409045,,,DS3_2p_5_activity_indi,DS3
BISdata_neid,28.123847,11.922755,0.409045,,,DS3_2p_5_activity_indi,DS3
FWHMdata_neid,28.123847,11.922755,0.409045,,,DS3_2p_5_activity_indi,DS3
Contrastdata_neid,28.123847,11.922755,0.409045,,,DS3_2p_5_activity_indi,DS3
Halphadata_neid,28.123847,11.922755,0.409045,,,DS3_2p_5_activity_indi,DS3
CaIIdata_neid,28.123847,11.922755,0.409045,,,DS3_2p_5_activity_indi,DS3
FWHMdata_expres,28.102,14.127842,0.416522,,,DS3_2p_ccfs,DS3
Contrastdata_expres,28.102,14.127842,0.416522,,,DS3_2p_ccfs,DS3
FWHMdata_harps,28.102,14.127842,0.416522,,,DS3_2p_ccfs,DS3
Contrastdata_harps,28.102,14.127842,0.416522,,,DS3_2p_ccfs,DS3
FWHMdata_neid,28.102,14.127842,0.416522,,,DS3_2p_ccfs,DS3
Contrastdata_neid,28.102,14.127842,0.416522,,,DS3_2p_ccfs,DS3
BISdata_expres,27.957307,15.849978,0.43158,,,DS3_2p_4_activity_indi,DS3
FWHMdata_expres,27.957307,15.849978,0.43158,,,DS3_2p_4_activity_indi,DS3
Halphadata_expres,27.957307,15.849978,0.43158,,,DS3_2p_4_activity_indi,DS3
CaIIdata_expres,27.957307,15.849978,0.43158,,,DS3_2p_4_activity_indi,DS3
BISdata_harps,27.957307,15.849978,0.43158,,,DS3_2p_4_activity_indi,DS3
FWHMdata_harps,27.957307,15.849978,0.43158,,,DS3_2p_4_activity_indi,DS3
Halphadata_harps,27.957307,15.849978,0.43158,,,DS3_2p_4_activity_indi,DS3
CaIIdata_harps,27.957307,15.849978,0.43158,,,DS3_2p_4_activity_indi,DS3
BISdata_neid,27.957307,15.849978,0.43158,,,DS3_2p_4_activity_indi,DS3
FWHMdata_neid,27.957307,15.849978,0.43158,,,DS3_2p_4_activity_indi,DS3
Halphadata_neid,27.957307,15.849978,0.43158,,,DS3_2p_4_activity_indi,DS3
CaIIdata_neid,27.957307,15.849978,0.43158,,,DS3_2p_4_activity_indi,DS3
BISdata_expres,28.09791,15.572125,0.401199,,,DS3_3p_5_activity_indi,DS3
FWHMdata_expres,28.09791,15.572125,0.401199,,,DS3_3p_5_activity_indi,DS3
Contrastdata_expres,28.09791,15.572125,0.401199,,,DS3_3p_5_activity_indi,DS3
Halphadata_expres,28.09791,15.572125,0.401199,,,DS3_3p_5_activity_indi,DS3
CaIIdata_expres,28.09791,15.572125,0.401199,,,DS3_3p_5_activity_indi,DS3
BISdata_harps,28.09791,15.572125,0.401199,,,DS3_3p_5_activity_indi,DS3
FWHMdata_harps,28.09791,15.572125,0.401199,,,DS3_3p_5_activity_indi,DS3
Contrastdata_harps,28.09791,15.572125,0.401199,,,DS3_3p_5_activity_indi,DS3
Halphadata_harps,28.09791,15.572125,0.401199,,,DS3_3p_5_activity_indi,DS3
CaIIdata_harps,28.09791,15.572125,0.401199,,,DS3_3p_5_activity_indi,DS3
BISdata_neid,28.09791,15.572125,0.401199,,,DS3_3p_5_activity_indi,DS3
FWHMdata_neid,28.09791,15.572125,0.401199,,,DS3_3p_5_activity_indi,DS3
Contrastdata_neid,28.09791,15.572125,0.401199,,,DS3_3p_5_activity_indi,DS3
Halphadata_neid,28.09791,15.572125,0.401199,,,DS3_3p_5_activity_indi,DS3
CaIIdata_neid,28.09791,15.572125,0.401199,,,DS3_3p_5_activity_indi,DS3
BISdata_expres,28.56157,14.830628,0.419363,,,DS3_3p_4_activity_indi,DS3
FWHMdata_expres,28.56157,14.830628,0.419363,,,DS3_3p_4_activity_indi,DS3
Halphadata_expres,28.56157,14.830628,0.419363,,,DS3_3p_4_activity_indi,DS3
CaIIdata_expres,28.56157,14.830628,0.419363,,,DS3_3p_4_activity_indi,DS3
BISdata_harps,28.56157,14.830628,0.419363,,,DS3_3p_4_activity_indi,DS3
FWHMdata_harps,28.56157,14.830628,0.419363,,,DS3_3p_4_activity_indi,DS3
Halphadata_harps,28.56157,14.830628,0.419363,,,DS3_3p_4_activity_indi,DS3
CaIIdata_harps,28.56157,14.830628,0.419363,,,DS3_3p_4_activity_indi,DS3
BISdata_neid,28.56157,14.830628,0.419363,,,DS3_3p_4_activity_indi,DS3
FWHMdata_neid,28.56157,14.830628,0.419363,,,DS3_3p_4_activity_indi,DS3
Halphadata_neid,28.56157,14.830628,0.419363,,,DS3_3p_4_activity_indi,DS3
CaIIdata_neid,28.56157,14.830628,0.419363,,,DS3_3p_4_activity_indi,DS3
BISdata_expres,28.369002,28.510166,0.365236,,,DS3_3p_2_activity_indi,DS3
FWHMdata_expres,28.369002,28.510166,0.365236,,,DS3_3p_2_activity_indi,DS3
BISdata_harps,28.369002,28.510166,0.365236,,,DS3_3p_2_activity_indi,DS3
FWHMdata_harps,28.369002,28.510166,0.365236,,,DS3_3p_2_activity_indi,DS3
BISdata_neid,28.369002,28.510166,0.365236,,,DS3_3p_2_activity_indi,DS3
FWHMdata_neid,28.369002,28.510166,0.365236,,,DS3_3p_2_activity_indi,DS3
FWHMdata_expres,28.260125,13.145189,0.416591,,,DS3_3p_ccfs,DS3
Contrastdata_expres,28.260125,13.145189,0.416591,,,DS3_3p_ccfs,DS3
FWHMdata_harps,28.260125,13.145189,0.416591,,,DS3_3p_ccfs,DS3
Contrastdata_harps,28.260125,13.145189,0.416591,,,DS3_3p_ccfs,DS3
FWHMdata_neid,28.260125,13.145189,0.416591,,,DS3_3p_ccfs,DS3
Contrastdata_neid,28.260125,13.145189,0.416591,,,DS3_3p_ccfs,DS3
BISdata_expres,28.803718,10.839795,0.428565,,,DS4_1p_5_activity_indi,DS4
FWHMdata_expres,28.803718,10.839795,0.428565,,,DS4_1p_5_activity_indi,DS4
Contrastdata_expres,28.803718,10.839795,0.428565,,,DS4_1p_5_activity_indi,DS4
Halphadata_expres,28.803718,10.839795,0.428565,,,DS4_1p_5_activity_indi,DS4
CaIIdata_expres,28.803718,10.839795,0.428565,,,DS4_1p_5_activity_indi,DS4
BISdata_harps,28.803718,10.839795,0.428565,,,DS4_1p_5_activity_indi,DS4
FWHMdata_harps,28.803718,10.839795,0.428565,,,DS4_1p_5_activity_indi,DS4
Contrastdata_harps,28.803718,10.839795,0.428565,,,DS4_1p_5_activity_indi,DS4
Halphadata_harps,28.803718,10.839795,0.428565,,,DS4_1p_5_activity_indi,DS4
CaIIdata_harps,28.803718,10.839795,0.428565,,,DS4_1p_5_activity_indi,DS4
BISdata_neid,28.803718,10.839795,0.428565,,,DS4_1p_5_activity_indi,DS4
FWHMdata_neid,28.803718,10.839795,0.428565,,,DS4_1p_5_activity_indi,DS4
Contrastdata_neid,28.803718,10.839795,0.428565,,,DS4_1p_5_activity_indi,DS4
Halphadata_neid,28.803718,10.839795,0.428565,,,DS4_1p_5_activity_indi,DS4
CaIIdata_neid,28.803718,10.839795,0.428565,,,DS4_1p_5_activity_indi,DS4
BISdata_expres,28.006338,10.210124,0.387619,,,DS4_1p_4_activity_indi,DS4
FWHMdata_expres,28.006338,10.210124,0.387619,,,DS4_1p_4_activity_indi,DS4
Halphadata_expres,28.006338,10.210124,0.387619,,,DS4_1p_4_activity_indi,DS4
CaIIdata_expres,28.006338,10.210124,0.387619,,,DS4_1p_4_activity_indi,DS4
BISdata_harps,28.006338,10.210124,0.387619,,,DS4_1p_4_activity_indi,DS4
FWHMdata_harps,28.006338,10.210124,0.387619,,,DS4_1p_4_activity_indi,DS4
Halphadata_harps,28.006338,10.210124,0.387619,,,DS4_1p_4_activity_indi,DS4
CaIIdata_harps,28.006338,10.210124,0.387619,,,DS4_1p_4_activity_indi,DS4
BISdata_neid,28.006338,10.210124,0.387619,,,DS4_1p_4_activity_indi,DS4
FWHMdata_neid,28.006338,10.210124,0.387619,,,DS4_1p_4_activity_indi,DS4
Halphadata_neid,28.006338,10.210124,0.387619,,,DS4_1p_4_activity_indi,DS4
CaIIdata_neid,28.006338,10.210124,0.387619,,,DS4_1p_4_activity_indi,DS4
FWHMdata_expres,27.690294,13.728569,0.415321,,,DS4_1p_ccfs,DS4
Contrastdata_expres,27.690294,13.728569,0.415321,,,DS4_1p_ccfs,DS4
FWHMdata_harps,27.690294,13.728569,0.415321,,,DS4_1p_ccfs,DS4
Contrastdata_harps,27.690294,13.728569,0.415321,,,DS4_1p_ccfs,DS4
FWHMdata_neid,27.690294,13.728569,0.415321,,,DS4_1p_ccfs,DS4
Contrastdata_neid,27.690294,13.728569,0.415321,,,DS4_1p_ccfs,DS4
BISdata_expres,28.463618,24.321307,0.40561,,,DS4_1p_2_activity_indi,DS4
FWHMdata_expres,28.463618,24.321307,0.40561,,,DS4_1p_2_activity_indi,DS4
BISdata_harps,28.463618,24.321307,0.40561,,,DS4_1p_2_activity_indi,DS4
FWHMdata_harps,28.463618,24.321307,0.40561,,,DS4_1p_2_activity_indi,DS4
BISdata_neid,28.463618,24.321307,0.40561,,,DS4_1p_2_activity_indi,DS4
FWHMdata_neid,28.463618,24.321307,0.40561,,,DS4_1p_2_activity_indi,DS4
BISdata_expres,28.064213,69.5178,0.404213,,,DS4_2p_5_activity_indi,DS4
FWHMdata_expres,28.064213,69.5178,0.404213,,,DS4_2p_5_activity_indi,DS4
Contrastdata_expres,28.064213,69.5178,0.404213,,,DS4_2p_5_activity_indi,DS4
Halphadata_expres,28.064213,69.5178,0.404213,,,DS4_2p_5_activity_indi,DS4
CaIIdata_expres,28.064213,69.5178,0.404213,,,DS4_2p_5_activity_indi,DS4
BISdata_harps,28.064213,69.5178,0.404213,,,DS4_2p_5_activity_indi,DS4
FWHMdata_harps,28.064213,69.5178,0.404213,,,DS4_2p_5_activity_indi,DS4
Contrastdata_harps,28.064213,69.5178,0.404213,,,DS4_2p_5_activity_indi,DS4
Halphadata_harps,28.064213,69.5178,0.404213,,,DS4_2p_5_activity_indi,DS4
CaIIdata_harps,28.064213,69.5178,0.404213,,,DS4_2p_5_activity_indi,DS4
BISdata_neid,28.064213,69.5178,0.404213,,,DS4_2p_5_activity_indi,DS4
FWHMdata_neid,28.064213,69.5178,0.404213,,,DS4_2p_5_activity_indi,DS4
Contrastdata_neid,28.064213,69.5178,0.404213,,,DS4_2p_5_activity_indi,DS4
Halphadata_neid,28.064213,69.5178,0.404213,,,DS4_2p_5_activity_indi,DS4
CaIIdata_neid,28.064213,69.5178,0.404213,,,DS4_2p_5_activity_indi,DS4
BISdata_expres,27.910656,15.07362,0.366401,,,DS4_2p_2_activity_indi,DS4
FWHMdata_expres,27.910656,15.07362,0.366401,,,DS4_2p_2_activity_indi,DS4
BISdata_harps,27.910656,15.07362,0.366401,,,DS4_2p_2_activity_indi,DS4
FWHMdata_harps,27.910656,15.07362,0.366401,,,DS4_2p_2_activity_indi,DS4
BISdata_neid,27.910656,15.07362,0.366401,,,DS4_2p_2_activity_indi,DS4
FWHMdata_neid,27.910656,15.07362,0.366401,,,DS4_2p_2_activity_indi,DS4
FWHMdata_expres,28.077003,21.913246,0.410284,,,DS4_2p_ccfs,DS4
Contrastdata_expres,28.077003,21.913246,0.410284,,,DS4_2p_ccfs,DS4
FWHMdata_harps,28.077003,21.913246,0.410284,,,DS4_2p_ccfs,DS4
Contrastdata_harps,28.077003,21.913246,0.410284,,,DS4_2p_ccfs,DS4
FWHMdata_neid,28.077003,21.913246,0.410284,,,DS4_2p_ccfs,DS4
Contrastdata_neid,28.077003,21.913246,0.410284,,,DS4_2p_ccfs,DS4
BISdata_expres,27.720597,10.945415,0.390929,,,DS4_2p_4_activity_indi,DS4
FWHMdata_expres,27.720597,10.945415,0.390929,,,DS4_2p_4_activity_indi,DS4
Halphadata_expres,27.720597,10.945415,0.390929,,,DS4_2p_4_activity_indi,DS4
CaIIdata_expres,27.720597,10.945415,0.390929,,,DS4_2p_4_activity_indi,DS4
BISdata_harps,27.720597,10.945415,0.390929,,,DS4_2p_4_activity_indi,DS4
FWHMdata_harps,27.720597,10.945415,0.390929,,,DS4_2p_4_activity_indi,DS4
Halphadata_harps,27.720597,10.945415,0.390929,,,DS4_2p_4_activity_indi,DS4
CaIIdata_harps,27.720597,10.945415,0.390929,,,DS4_2p_4_activity_indi,DS4
BISdata_neid,27.720597,10.945415,0.390929,,,DS4_2p_4_activity_indi,DS4
FWHMdata_neid,27.720597,10.945415,0.390929,,,DS4_2p_4_activity_indi,DS4
Halphadata_neid,27.720597,10.945415,0.390929,,,DS4_2p_4_activity_indi,DS4
CaIIdata_neid,27.720597,10.945415,0.390929,,,DS4_2p_4_activity_indi,DS4
BISdata_expres,28.147657,51.730153,0.444014,,,DS4_3p_5_activity_indi,DS4
FWHMdata_expres,28.147657,51.730153,0.444014,,,DS4_3p_5_activity_indi,DS4
Contrastdata_expres,28.147657,51.730153,0.444014,,,DS4_3p_5_activity_indi,DS4
Halphadata_expres,28.147657,51.730153,0.444014,,,DS4_3p_5_activity_indi,DS4
CaIIdata_expres,28.147657,51.730153,0.444014,,,DS4_3p_5_activity_indi,DS4
BISdata_harps,28.147657,51.730153,0.444014,,,DS4_3p_5_activity_indi,DS4
FWHMdata_harps,28.147657,51.730153,0.444014,,,DS4_3p_5_activity_indi,DS4
Contrastdata_harps,28.147657,51.730153,0.444014,,,DS4_3p_5_activity_indi,DS4
Halphadata_harps,28.147657,51.730153,0.444014,,,DS4_3p_5_activity_indi,DS4
CaIIdata_harps,28.147657,51.730153,0.444014,,,DS4_3p_5_activity_indi,DS4
BISdata_neid,28.147657,51.730153,0.444014,,,DS4_3p_5_activity_indi,DS4
FWHMdata_neid,28.147657,51.730153,0.444014,,,DS4_3p_5_activity_indi,DS4
Contrastdata_neid,28.147657,51.730153,0.444014,,,DS4_3p_5_activity_indi,DS4
Halphadata_neid,28.147657,51.730153,0.444014,,,DS4_3p_5_activity_indi,DS4
CaIIdata_neid,28.147657,51.730153,0.444014,,,DS4_3p_5_activity_indi,DS4
FWHMdata_expres,27.986004,14.912485,0.359103,,,DS4_3p_ccfs,DS4
Contrastdata_expres,27.986004,14.912485,0.359103,,,DS4_3p_ccfs,DS4
FWHMdata_harps,27.986004,14.912485,0.359103,,,DS4_3p_ccfs,DS4
Contrastdata_harps,27.986004,14.912485,0.359103,,,DS4_3p_ccfs,DS4
FWHMdata_neid,27.986004,14.912485,0.359103,,,DS4_3p_ccfs,DS4
Contrastdata_neid,27.986004,14.912485,0.359103,,,DS4_3p_ccfs,DS4
BISdata_expres,28.281849,18.803356,0.347327,,,DS4_3p_2_activity_indi,DS4
FWHMdata_expres,28.281849,18.803356,0.347327,,,DS4_3p_2_activity_indi,DS4
BISdata_harps,28.281849,18.803356,0.347327,,,DS4_3p_2_activity_indi,DS4
FWHMdata_harps,28.281849,18.803356,0.347327,,,DS4_3p_2_activity_indi,DS4
BISdata_neid,28.281849,18.803356,0.347327,,,DS4_3p_2_activity_indi,DS4
FWHMdata_neid,28.281849,18.803356,0.347327,,,DS4_3p_2_activity_indi,DS4
BISdata_expres,28.057635,11.329734,0.41249,,,DS4_3p_4_activity_indi,DS4
FWHMdata_expres,28.057635,11.329734,0.41249,,,DS4_3p_4_activity_indi,DS4
Halphadata_expres,28.057635,11.329734,0.41249,,,DS4_3p_4_activity_indi,DS4
CaIIdata_expres,28.057635,11.329734,0.41249,,,DS4_3p_4_activity_indi,DS4
BISdata_harps,28.057635,11.329734,0.41249,,,DS4_3p_4_activity_indi,DS4
FWHMdata_harps,28.057635,11.329734,0.41249,,,DS4_3p_4_activity_indi,DS4
Halphadata_harps,28.057635,11.329734,0.41249,,,DS4_3p_4_activity_indi,DS4
CaIIdata_harps,28.057635,11.329734,0.41249,,,DS4_3p_4_activity_indi,DS4
BISdata_neid,28.057635,11.329734,0.41249,,,DS4_3p_4_activity_indi,DS4
FWHMdata_neid,28.057635,11.329734,0.41249,,,DS4_3p_4_activity_indi,DS4
Halphadata_neid,28.057635,11.329734,0.41249,,,DS4_3p_4_activity_indi,DS4
CaIIdata_neid,28.057635,11.329734,0.41249,,,DS4_3p_4_activity_indi,DS4
BISdata_expres,27.982484,12.88588,0.352103,,,DS5_1p_2_activity_indi,DS5
FWHMdata_expres,27.982484,12.88588,0.352103,,,DS5_1p_2_activity_indi,DS5
BISdata_harps,27.982484,12.88588,0.352103,,,DS5_1p_2_activity_indi,DS5
FWHMdata_harps,27.982484,12.88588,0.352103,,,DS5_1p_2_activity_indi,DS5
BISdata_neid,27.982484,12.88588,0.352103,,,DS5_1p_2_activity_indi,DS5
FWHMdata_neid,27.982484,12.88588,0.352103,,,DS5_1p_2_activity_indi,DS5
FWHMdata_expres,28.320734,23.02098,0.433079,,,DS5_1p_ccfs,DS5
Contrastdata_expres,28.320734,23.02098,0.433079,,,DS5_1p_ccfs,DS5
FWHMdata_harps,28.320734,23.02098,0.433079,,,DS5_1p_ccfs,DS5
Contrastdata_harps,28.320734,23.02098,0.433079,,,DS5_1p_ccfs,DS5
FWHMdata_neid,28.320734,23.02098,0.433079,,,DS5_1p_ccfs,DS5
Contrastdata_neid,28.320734,23.02098,0.433079,,,DS5_1p_ccfs,DS5
BISdata_expres,27.909802,14.539179,0.420433,,,DS5_1p_5_activity_indi,DS5
FWHMdata_expres,27.909802,14.539179,0.420433,,,DS5_1p_5_activity_indi,DS5
Contrastdata_expres,27.909802,14.539179,0.420433,,,DS5_1p_5_activity_indi,DS5
Halphadata_expres,27.909802,14.539179,0.420433,,,DS5_1p_5_activity_indi,DS5
CaIIdata_expres,27.909802,14.539179,0.420433,,,DS5_1p_5_activity_indi,DS5
BISdata_harps,27.909802,14.539179,0.420433,,,DS5_1p_5_activity_indi,DS5
FWHMdata_harps,27.909802,14.539179,0.420433,,,DS5_1p_5_activity_indi,DS5
Contrastdata_harps,27.909802,14.539179,0.420433,,,DS5_1p_5_activity_indi,DS5
Halphadata_harps,27.909802,14.539179,0.420433,,,DS5_1p_5_activity_indi,DS5
CaIIdata_harps,27.909802,14.539179,0.420433,,,DS5_1p_5_activity_indi,DS5
BISdata_neid,27.909802,14.539179,0.420433,,,DS5_1p_5_activity_indi,DS5
FWHMdata_neid,27.909802,14.539179,0.420433,,,DS5_1p_5_activity_indi,DS5
Contrastdata_neid,27.909802,14.539179,0.420433,,,DS5_1p_5_activity_indi,DS5
Halphadata_neid,27.909802,14.539179,0.420433,,,DS5_1p_5_activity_indi,DS5
CaIIdata_neid,27.909802,14.539179,0.420433,,,DS5_1p_5_activity_indi,DS5
BISdata_expres,28.577049,16.170622,0.438862,,,DS5_1p_4_activity_indi,DS5
FWHMdata_expres,28.577049,16.170622,0.438862,,,DS5_1p_4_activity_indi,DS5
Halphadata_expres,28.577049,16.170622,0.438862,,,DS5_1p_4_activity_indi,DS5
CaIIdata_expres,28.577049,16.170622,0.438862,,,DS5_1p_4_activity_indi,DS5
BISdata_harps,28.577049,16.170622,0.438862,,,DS5_1p_4_activity_indi,DS5
FWHMdata_harps,28.577049,16.170622,0.438862,,,DS5_1p_4_activity_indi,DS5
Halphadata_harps,28.577049,16.170622,0.438862,,,DS5_1p_4_activity_indi,DS5
CaIIdata_harps,28.577049,16.170622,0.438862,,,DS5_1p_4_activity_indi,DS5
BISdata_neid,28.577049,16.170622,0.438862,,,DS5_1p_4_activity_indi,DS5
FWHMdata_neid,28.577049,16.170622,0.438862,,,DS5_1p_4_activity_indi,DS5
Halphadata_neid,28.577049,16.170622,0.438862,,,DS5_1p_4_activity_indi,DS5
CaIIdata_neid,28.577049,16.170622,0.438862,,,DS5_1p_4_activity_indi,DS5
BISdata_expres,28.11139,18.14644,0.361832,,,DS5_2p_2_activity_indi,DS5
FWHMdata_expres,28.11139,18.14644,0.361832,,,DS5_2p_2_activity_indi,DS5
BISdata_harps,28.11139,18.14644,0.361832,,,DS5_2p_2_activity_indi,DS5
FWHMdata_harps,28.11139,18.14644,0.361832,,,DS5_2p_2_activity_indi,DS5
BISdata_neid,28.11139,18.14644,0.361832,,,DS5_2p_2_activity_indi,DS5
FWHMdata_neid,28.11139,18.14644,0.361832,,,DS5_2p_2_activity_indi,DS5
FWHMdata_expres,27.836421,11.216114,0.39893,,,DS5_2p_ccfs,DS5
Contrastdata_expres,27.836421,11.216114,0.39893,,,DS5_2p_ccfs,DS5
FWHMdata_harps,27.836421,11.216114,0.39893,,,DS5_2p_ccfs,DS5
Contrastdata_harps,27.836421,11.216114,0.39893,,,DS5_2p_ccfs,DS5
FWHMdata_neid,27.836421,11.216114,0.39893,,,DS5_2p_ccfs,DS5
Contrastdata_neid,27.836421,11.216114,0.39893,,,DS5_2p_ccfs,DS5
BISdata_expres,28.110175,12.876122,0.387008,,,DS5_2p_4_activity_indi,DS5
FWHMdata_expres,28.110175,12.876122,0.387008,,,DS5_2p_4_activity_indi,DS5
Halphadata_expres,28.110175,12.876122,0.387008,,,DS5_2p_4_activity_indi,DS5
CaIIdata_expres,28.110175,12.876122,0.387008,,,DS5_2p_4_activity_indi,DS5
BISdata_harps,28.110175,12.876122,0.387008,,,DS5_2p_4_activity_indi,DS5
FWHMdata_harps,28.110175,12.876122,0.387008,,,DS5_2p_4_activity_indi,DS5
Halphadata_harps,28.110175,12.876122,0.387008,,,DS5_2p_4_activity_indi,DS5
CaIIdata_harps,28.110175,12.876122,0.387008,,,DS5_2p_4_activity_indi,DS5
BISdata_neid,28.110175,12.876122,0.387008,,,DS5_2p_4_activity_indi,DS5
FWHMdata_neid,28.110175,12.876122,0.387008,,,DS5_2p_4_activity_indi,DS5
Halphadata_neid,28.110175,12.876122,0.387008,,,DS5_2p_4_activity_indi,DS5
CaIIdata_neid,28.110175,12.876122,0.387008,,,DS5_2p_4_activity_indi,DS5
BISdata_expres,27.962885,13.907477,0.342035,,,DS5_2p_5_activity_indi,DS5
FWHMdata_expres,27.962885,13.907477,0.342035,,,DS5_2p_5_activity_indi,DS5
Contrastdata_expres,27.962885,13.907477,0.342035,,,DS5_2p_5_activity_indi,DS5
Halphadata_expres,27.962885,13.907477,0.342035,,,DS5_2p_5_activity_indi,DS5
CaIIdata_expres,27.962885,13.907477,0.342035,,,DS5_2p_5_activity_indi,DS5
BISdata_harps,27.962885,13.907477,0.342035,,,DS5_2p_5_activity_indi,DS5
FWHMdata_harps,27.962885,13.907477,0.342035,,,DS5_2p_5_activity_indi,DS5
Contrastdata_harps,27.962885,13.907477,0.342035,,,DS5_2p_5_activity_indi,DS5
Halphadata_harps,27.962885,13.907477,0.342035,,,DS5_2p_5_activity_indi,DS5
CaIIdata_harps,27.962885,13.907477,0.342035,,,DS5_2p_5_activity_indi,DS5
BISdata_neid,27.962885,13.907477,0.342035,,,DS5_2p_5_activity_indi,DS5
FWHMdata_neid,27.962885,13.907477,0.342035,,,DS5_2p_5_activity_indi,DS5
Contrastdata_neid,27.962885,13.907477,0.342035,,,DS5_2p_5_activity_indi,DS5
Halphadata_neid,27.962885,13.907477,0.342035,,,DS5_2p_5_activity_indi,DS5
CaIIdata_neid,27.962885,13.907477,0.342035,,,DS5_2p_5_activity_indi,DS5
BISdata_expres,28.017708,11.782853,0.397083,,,DS5_3p_4_activity_indi,DS5
FWHMdata_expres,28.017708,11.782853,0.397083,,,DS5_3p_4_activity_indi,DS5
Halphadata_expres,28.017708,11.782853,0.397083,,,DS5_3p_4_activity_indi,DS5
CaIIdata_expres,28.017708,11.782853,0.397083,,,DS5_3p_4_activity_indi,DS5
BISdata_harps,28.017708,11.782853,0.397083,,,DS5_3p_4_activity_indi,DS5
FWHMdata_harps,28.017708,11.782853,0.397083,,,DS5_3p_4_activity_indi,DS5
Halphadata_harps,28.017708,11.782853,0.397083,,,DS5_3p_4_activity_indi,DS5
CaIIdata_harps,28.017708,11.782853,0.397083,,,DS5_3p_4_activity_indi,DS5
BISdata_neid,28.017708,11.782853,0.397083,,,DS5_3p_4_activity_indi,DS5
FWHMdata_neid,28.017708,11.782853,0.397083,,,DS5_3p_4_activity_indi,DS5
Halphadata_neid,28.017708,11.782853,0.397083,,,DS5_3p_4_activity_indi,DS5
CaIIdata_neid,28.017708,11.782853,0.397083,,,DS5_3p_4_activity_indi,DS5
FWHMdata_expres,27.798363,11.599364,0.431712,,,DS5_3p_ccfs,DS5
Contrastdata_expres,27.798363,11.599364,0.431712,,,DS5_3p_ccfs,DS5
FWHMdata_harps,27.798363,11.599364,0.431712,,,DS5_3p_ccfs,DS5
Contrastdata_harps,27.798363,11.599364,0.431712,,,DS5_3p_ccfs,DS5
FWHMdata_neid,27.798363,11.599364,0.431712,,,DS5_3p_ccfs,DS5
Contrastdata_neid,27.798363,11.599364,0.431712,,,DS5_3p_ccfs,DS5
BISdata_expres,28.330068,31.720188,0.384356,,,DS5_3p_5_activity_indi,DS5
FWHMdata_expres,28.330068,31.720188,0.384356,,,DS5_3p_5_activity_indi,DS5
Contrastdata_expres,28.330068,31.720188,0.384356,,,DS5_3p_5_activity_indi,DS5
Halphadata_expres,28.330068,31.720188,0.384356,,,DS5_3p_5_activity_indi,DS5
CaIIdata_expres,28.330068,31.720188,0.384356,,,DS5_3p_5_activity_indi,DS5
BISdata_harps,28.330068,31.720188,0.384356,,,DS5_3p_5_activity_indi,DS5
FWHMdata_harps,28.330068,31.720188,0.384356,,,DS5_3p_5_activity_indi,DS5
Contrastdata_harps,28.330068,31.720188,0.384356,,,DS5_3p_5_activity_indi,DS5
Halphadata_harps,28.330068,31.720188,0.384356,,,DS5_3p_5_activity_indi,DS5
CaIIdata_harps,28.330068,31.720188,0.384356,,,DS5_3p_5_activity_indi,DS5
BISdata_neid,28.330068,31.720188,0.384356,,,DS5_3p_5_activity_indi,DS5
FWHMdata_neid,28.330068,31.720188,0.384356,,,DS5_3p_5_activity_indi,DS5
Contrastdata_neid,28.330068,31.720188,0.384356,,,DS5_3p_5_activity_indi,DS5
Halphadata_neid,28.330068,31.720188,0.384356,,,DS5_3p_5_activity_indi,DS5
CaIIdata_neid,28.330068,31.720188,0.384356,,,DS5_3p_5_activity_indi,DS5
BISdata_expres,27.911355,14.387164,0.426233,,,DS5_3p_2_activity_indi,DS5
FWHMdata_expres,27.911355,14.387164,0.426233,,,DS5_3p_2_activity_indi,DS5
BISdata_harps,27.911355,14.387164,0.426233,,,DS5_3p_2_activity_indi,DS5
FWHMdata_harps,27.911355,14.387164,0.426233,,,DS5_3p_2_activity_indi,DS5
BISdata_neid,27.911355,14.387164,0.426233,,,DS5_3p_2_activity_indi,DS5
FWHMdata_neid,27.911355,14.387164,0.426233,,,DS5_3p_2_activity_indi,DS5
BISdata_expres,28.033547,71.272017,0.396346,,,DS6_1p_2_activity_indi,DS6
FWHMdata_expres,28.033547,71.272017,0.396346,,,DS6_1p_2_activity_indi,DS6
BISdata_harps,28.033547,71.272017,0.396346,,,DS6_1p_2_activity_indi,DS6
FWHMdata_harps,28.033547,71.272017,0.396346,,,DS6_1p_2_activity_indi,DS6
BISdata_neid,28.033547,71.272017,0.396346,,,DS6_1p_2_activity_indi,DS6
FWHMdata_neid,28.033547,71.272017,0.396346,,,DS6_1p_2_activity_indi,DS6
FWHMdata_expres,28.492225,32.679516,0.418214,,,DS6_1p_ccfs,DS6
Contrastdata_expres,28.492225,32.679516,0.418214,,,DS6_1p_ccfs,DS6
FWHMdata_harps,28.492225,32.679516,0.418214,,,DS6_1p_ccfs,DS6
Contrastdata_harps,28.492225,32.679516,0.418214,,,DS6_1p_ccfs,DS6
FWHMdata_neid,28.492225,32.679516,0.418214,,,DS6_1p_ccfs,DS6
Contrastdata_neid,28.492225,32.679516,0.418214,,,DS6_1p_ccfs,DS6
BISdata_expres,28.408271,28.68653,0.440952,,,DS6_1p_5_activity_indi,DS6
FWHMdata_expres,28.408271,28.68653,0.440952,,,DS6_1p_5_activity_indi,DS6
Contrastdata_expres,28.408271,28.68653,0.440952,,,DS6_1p_5_activity_indi,DS6
Halphadata_expres,28.408271,28.68653,0.440952,,,DS6_1p_5_activity_indi,DS6
CaIIdata_expres,28.408271,28.68653,0.440952,,,DS6_1p_5_activity_indi,DS6
BISdata_harps,28.408271,28.68653,0.440952,,,DS6_1p_5_activity_indi,DS6
FWHMdata_harps,28.408271,28.68653,0.440952,,,DS6_1p_5_activity_indi,DS6
Contrastdata_harps,28.408271,28.68653,0.440952,,,DS6_1p_5_activity_indi,DS6
Halphadata_harps,28.408271,28.68653,0.440952,,,DS6_1p_5_activity_indi,DS6
CaIIdata_harps,28.408271,28.68653,0.440952,,,DS6_1p_5_activity_indi,DS6
BISdata_neid,28.408271,28.68653,0.440952,,,DS6_1p_5_activity_indi,DS6
FWHMdata_neid,28.408271,28.68653,0.440952,,,DS6_1p_5_activity_indi,DS6
Contrastdata_neid,28.408271,28.68653,0.440952,,,DS6_1p_5_activity_indi,DS6
Halphadata_neid,28.408271,28.68653,0.440952,,,DS6_1p_5_activity_indi,DS6
CaIIdata_neid,28.408271,28.68653,0.440952,,,DS6_1p_5_activity_indi,DS6
BISdata_expres,28.105342,24.05394,0.373068,,,DS6_1p_4_activity_indi,DS6
FWHMdata_expres,28.105342,24.05394,0.373068,,,DS6_1p_4_activity_indi,DS6
Halphadata_expres,28.105342,24.05394,0.373068,,,DS6_1p_4_activity_indi,DS6
CaIIdata_expres,28.105342,24.05394,0.373068,,,DS6_1p_4_activity_indi,DS6
BISdata_harps,28.105342,24.05394,0.373068,,,DS6_1p_4_activity_indi,DS6
FWHMdata_harps,28.105342,24.05394,0.373068,,,DS6_1p_4_activity_indi,DS6
Halphadata_harps,28.105342,24.05394,0.373068,,,DS6_1p_4_activity_indi,DS6
CaIIdata_harps,28.105342,24.05394,0.373068,,,DS6_1p_4_activity_indi,DS6
BISdata_neid,28.105342,24.05394,0.373068,,,DS6_1p_4_activity_indi,DS6
FWHMdata_neid,28.105342,24.05394,0.373068,,,DS6_1p_4_activity_indi,DS6
Halphadata_neid,28.105342,24.05394,0.373068,,,DS6_1p_4_activity_indi,DS6
CaIIdata_neid,28.105342,24.05394,0.373068,,,DS6_1p_4_activity_indi,DS6
FWHMdata_expres,28.195191,12.205537,0.403303,,,DS6_2p_ccfs,DS6
Contrastdata_expres,28.195191,12.205537,0.403303,,,DS6_2p_ccfs,DS6
FWHMdata_harps,28.195191,12.205537,0.403303,,,DS6_2p_ccfs,DS6
Contrastdata_harps,28.195191,12.205537,0.403303,,,DS6_2p_ccfs,DS6
FWHMdata_neid,28.195191,12.205537,0.403303,,,DS6_2p_ccfs,DS6
Contrastdata_neid,28.195191,12.205537,0.403303,,,DS6_2p_ccfs,DS6
BISdata_expres,28.071008,34.460535,0.412649,,,DS6_2p_2_activity_indi,DS6
FWHMdata_expres,28.071008,34.460535,0.412649,,,DS6_2p_2_activity_indi,DS6
BISdata_harps,28.071008,34.460535,0.412649,,,DS6_2p_2_activity_indi,DS6
FWHMdata_harps,28.071008,34.460535,0.412649,,,DS6_2p_2_activity_indi,DS6
BISdata_neid,28.071008,34.460535,0.412649,,,DS6_2p_2_activity_indi,DS6
FWHMdata_neid,28.071008,34.460535,0.412649,,,DS6_2p_2_activity_indi,DS6
BISdata_expres,28.067583,29.622827,0.425004,,,DS6_2p_5_activity_indi,DS6
FWHMdata_expres,28.067583,29.622827,0.425004,,,DS6_2p_5_activity_indi,DS6
Contrastdata_expres,28.067583,29.622827,0.425004,,,DS6_2p_5_activity_indi,DS6
Halphadata_expres,28.067583,29.622827,0.425004,,,DS6_2p_5_activity_indi,DS6
CaIIdata_expres,28.067583,29.622827,0.425004,,,DS6_2p_5_activity_indi,DS6
BISdata_harps,28.067583,29.622827,0.425004,,,DS6_2p_5_activity_indi,DS6
FWHMdata_harps,28.067583,29.622827,0.425004,,,DS6_2p_5_activity_indi,DS6
Contrastdata_harps,28.067583,29.622827,0.425004,,,DS6_2p_5_activity_indi,DS6
Halphadata_harps,28.067583,29.622827,0.425004,,,DS6_2p_5_activity_indi,DS6
CaIIdata_harps,28.067583,29.622827,0.425004,,,DS6_2p_5_activity_indi,DS6
BISdata_neid,28.067583,29.622827,0.425004,,,DS6_2p_5_activity_indi,DS6
FWHMdata_neid,28.067583,29.622827,0.425004,,,DS6_2p_5_activity_indi,DS6
Contrastdata_neid,28.067583,29.622827,0.425004,,,DS6_2p_5_activity_indi,DS6
Halphadata_neid,28.067583,29.622827,0.425004,,,DS6_2p_5_activity_indi,DS6
CaIIdata_neid,28.067583,29.622827,0.425004,,,DS6_2p_5_activity_indi,DS6
BISdata_expres,27.564096,25.542172,0.436161,,,DS6_2p_4_activity_indi,DS6
FWHMdata_expres,27.564096,25.542172,0.436161,,,DS6_2p_4_activity_indi,DS6
Halphadata_expres,27.564096,25.542172,0.436161,,,DS6_2p_4_activity_indi,DS6
CaIIdata_expres,27.564096,25.542172,0.436161,,,DS6_2p_4_activity_indi,DS6
BISdata_harps,27.564096,25.542172,0.436161,,,DS6_2p_4_activity_indi,DS6
FWHMdata_harps,27.564096,25.542172,0.436161,,,DS6_2p_4_activity_indi,DS6
Halphadata_harps,27.564096,25.542172,0.436161,,,DS6_2p_4_activity_indi,DS6
CaIIdata_harps,27.564096,25.542172,0.436161,,,DS6_2p_4_activity_indi,DS6
BISdata_neid,27.564096,25.542172,0.436161,,,DS6_2p_4_activity_indi,DS6
FWHMdata_neid,27.564096,25.542172,0.436161,,,DS6_2p_4_activity_indi,DS6
Halphadata_neid,27.564096,25.542172,0.436161,,,DS6_2p_4_activity_indi,DS6
CaIIdata_neid,27.564096,25.542172,0.436161,,,DS6_2p_4_activity_indi,DS6
FWHMdata_expres,28.369916,36.516975,0.413695,,,DS6_3p_ccfs,DS6
Contrastdata_expres,28.369916,36.516975,0.413695,,,DS6_3p_ccfs,DS6
FWHMdata_harps,28.369916,36.516975,0.413695,,,DS6_3p_ccfs,DS6
Contrastdata_harps,28.369916,36.516975,0.413695,,,DS6_3p_ccfs,DS6
FWHMdata_neid,28.369916,36.516975,0.413695,,,DS6_3p_ccfs,DS6
Contrastdata_neid,28.369916,36.516975,0.413695,,,DS6_3p_ccfs,DS6
BISdata_expres,28.000074,43.772355,0.379249,,,DS6_3p_2_activity_indi,DS6
FWHMdata_expres,28.000074,43.772355,0.379249,,,DS6_3p_2_activity_indi,DS6
BISdata_harps,28.000074,43.772355,0.379249,,,DS6_3p_2_activity_indi,DS6
FWHMdata_harps,28.000074,43.772355,0.379249,,,DS6_3p_2_activity_indi,DS6
BISdata_neid,28.000074,43.772355,0.379249,,,DS6_3p_2_activity_indi,DS6
FWHMdata_neid,28.000074,43.772355,0.379249,,,DS6_3p_2_activity_indi,DS6
BISdata_expres,28.571251,22.382086,0.372945,,,DS6_3p_5_activity_indi,DS6
FWHMdata_expres,28.571251,22.382086,0.372945,,,DS6_3p_5_activity_indi,DS6
Contrastdata_expres,28.571251,22.382086,0.372945,,,DS6_3p_5_activity_indi,DS6
Halphadata_expres,28.571251,22.382086,0.372945,,,DS6_3p_5_activity_indi,DS6
CaIIdata_expres,28.571251,22.382086,0.372945,,,DS6_3p_5_activity_indi,DS6
BISdata_harps,28.571251,22.382086,0.372945,,,DS6_3p_5_activity_indi,DS6
FWHMdata_harps,28.571251,22.382086,0.372945,,,DS6_3p_5_activity_indi,DS6
Contrastdata_harps,28.571251,22.382086,0.372945,,,DS6_3p_5_activity_indi,DS6
Halphadata_harps,28.571251,22.382086,0.372945,,,DS6_3p_5_activity_indi,DS6
CaIIdata_harps,28.571251,22.382086,0.372945,,,DS6_3p_5_activity_indi,DS6
BISdata_neid,28.571251,22.382086,0.372945,,,DS6_3p_5_activity_indi,DS6
FWHMdata_neid,28.571251,22.382086,0.372945,,,DS6_3p_5_activity_indi,DS6
Contrastdata_neid,28.571251,22.382086,0.372945,,,DS6_3p_5_activity_indi,DS6
Halphadata_neid,28.571251,22.382086,0.372945,,,DS6_3p_5_activity_indi,DS6
CaIIdata_neid,28.571251,22.382086,0.372945,,,DS6_3p_5_activity_indi,DS6
BISdata_expres,28.661367,43.358451,0.455241,,,DS6_3p_4_activity_indi,DS6
FWHMdata_expres,28.661367,43.358451,0.455241,,,DS6_3p_4_activity_indi,DS6
Halphadata_expres,28.661367,43.358451,0.455241,,,DS6_3p_4_activity_indi,DS6
CaIIdata_expres,28.661367,43.358451,0.455241,,,DS6_3p_4_activity_indi,DS6
BISdata_harps,28.661367,43.358451,0.455241,,,DS6_3p_4_activity_indi,DS6
FWHMdata_harps,28.661367,43.358451,0.455241,,,DS6_3p_4_activity_indi,DS6
Halphadata_harps,28.661367,43.358451,0.455241,,,DS6_3p_4_activity_indi,DS6
CaIIdata_harps,28.661367,43.358451,0.455241,,,DS6_3p_4_activity_indi,DS6
BISdata_neid,28.661367,43.358451,0.455241,,,DS6_3p_4_activity_indi,DS6
FWHMdata_neid,28.661367,43.358451,0.455241,,,DS6_3p_4_activity_indi,DS6
Halphadata_neid,28.661367,43.358451,0.455241,,,DS6_3p_4_activity_indi,DS6
CaIIdata_neid,28.661367,43.358451,0.455241,,,DS6_3p_4_activity_indi,DS6
BISdata_expres,28.071708,98.048074,0.382766,,,DS7_1p_4_activity_indi,DS7
FWHMdata_expres,28.071708,98.048074,0.382766,,,DS7_1p_4_activity_indi,DS7
Halphadata_expres,28.071708,98.048074,0.382766,,,DS7_1p_4_activity_indi,DS7
CaIIdata_expres,28.071708,98.048074,0.382766,,,DS7_1p_4_activity_indi,DS7
BISdata_harps,28.071708,98.048074,0.382766,,,DS7_1p_4_activity_indi,DS7
FWHMdata_harps,28.071708,98.048074,0.382766,,,DS7_1p_4_activity_indi,DS7
Halphadata_harps,28.071708,98.048074,0.382766,,,DS7_1p_4_activity_indi,DS7
CaIIdata_harps,28.071708,98.048074,0.382766,,,DS7_1p_4_activity_indi,DS7
BISdata_neid,28.071708,98.048074,0.382766,,,DS7_1p_4_activity_indi,DS7
FWHMdata_neid,28.071708,98.048074,0.382766,,,DS7_1p_4_activity_indi,DS7
Halphadata_neid,28.071708,98.048074,0.382766,,,DS7_1p_4_activity_indi,DS7
CaIIdata_neid,28.071708,98.048074,0.382766,,,DS7_1p_4_activity_indi,DS7
BISdata_expres,28.236567,29.127977,0.386604,,,DS7_1p_2_activity_indi,DS7
FWHMdata_expres,28.236567,29.127977,0.386604,,,DS7_1p_2_activity_indi,DS7
BISdata_harps,28.236567,29.127977,0.386604,,,DS7_1p_2_activity_indi,DS7
FWHMdata_harps,28.236567,29.127977,0.386604,,,DS7_1p_2_activity_indi,DS7
BISdata_neid,28.236567,29.127977,0.386604,,,DS7_1p_2_activity_indi,DS7
FWHMdata_neid,28.236567,29.127977,0.386604,,,DS7_1p_2_activity_indi,DS7
FWHMdata_expres,28.65048,45.24268,0.340952,,,DS7_1p_ccfs,DS7
Contrastdata_expres,28.65048,45.24268,0.340952,,,DS7_1p_ccfs,DS7
FWHMdata_harps,28.65048,45.24268,0.340952,,,DS7_1p_ccfs,DS7
Contrastdata_harps,28.65048,45.24268,0.340952,,,DS7_1p_ccfs,DS7
FWHMdata_neid,28.65048,45.24268,0.340952,,,DS7_1p_ccfs,DS7
Contrastdata_neid,28.65048,45.24268,0.340952,,,DS7_1p_ccfs,DS7
BISdata_expres,27.544944,133.891837,0.396167,,,DS7_1p_5_activity_indi,DS7
FWHMdata_expres,27.544944,133.891837,0.396167,,,DS7_1p_5_activity_indi,DS7
Contrastdata_expres,27.544944,133.891837,0.396167,,,DS7_1p_5_activity_indi,DS7
Halphadata_expres,27.544944,133.891837,0.396167,,,DS7_1p_5_activity_indi,DS7
CaIIdata_expres,27.544944,133.891837,0.396167,,,DS7_1p_5_activity_indi,DS7
BISdata_harps,27.544944,133.891837,0.396167,,,DS7_1p_5_activity_indi,DS7
FWHMdata_harps,27.544944,133.891837,0.396167,,,DS7_1p_5_activity_indi,DS7
Contrastdata_harps,27.544944,133.891837,0.396167,,,DS7_1p_5_activity_indi,DS7
Halphadata_harps,27.544944,133.891837,0.396167,,,DS7_1p_5_activity_indi,DS7
CaIIdata_harps,27.544944,133.891837,0.396167,,,DS7_1p_5_activity_indi,DS7
BISdata_neid,27.544944,133.891837,0.396167,,,DS7_1p_5_activity_indi,DS7
FWHMdata_neid,27.544944,133.891837,0.396167,,,DS7_1p_5_activity_indi,DS7
Contrastdata_neid,27.544944,133.891837,0.396167,,,DS7_1p_5_activity_indi,DS7
Halphadata_neid,27.544944,133.891837,0.396167,,,DS7_1p_5_activity_indi,DS7
CaIIdata_neid,27.544944,133.891837,0.396167,,,DS7_1p_5_activity_indi,DS7
BISdata_expres,27.864202,10.11198,0.364451,,,DS7_2p_5_activity_indi,DS7
FWHMdata_expres,27.864202,10.11198,0.364451,,,DS7_2p_5_activity_indi,DS7
Contrastdata_expres,27.864202,10.11198,0.364451,,,DS7_2p_5_activity_indi,DS7
Halphadata_expres,27.864202,10.11198,0.364451,,,DS7_2p_5_activity_indi,DS7
CaIIdata_expres,27.864202,10.11198,0.364451,,,DS7_2p_5_activity_indi,DS7
BISdata_harps,27.864202,10.11198,0.364451,,,DS7_2p_5_activity_indi,DS7
FWHMdata_harps,27.864202,10.11198,0.364451,,,DS7_2p_5_activity_indi,DS7
Contrastdata_harps,27.864202,10.11198,0.364451,,,DS7_2p_5_activity_indi,DS7
Halphadata_harps,27.864202,10.11198,0.364451,,,DS7_2p_5_activity_indi,DS7
CaIIdata_harps,27.864202,10.11198,0.364451,,,DS7_2p_5_activity_indi,DS7
BISdata_neid,27.864202,10.11198,0.364451,,,DS7_2p_5_activity_indi,DS7
FWHMdata_neid,27.864202,10.11198,0.364451,,,DS7_2p_5_activity_indi,DS7
Contrastdata_neid,27.864202,10.11198,0.364451,,,DS7_2p_5_activity_indi,DS7
Halphadata_neid,27.864202,10.11198,0.364451,,,DS7_2p_5_activity_indi,DS7
CaIIdata_neid,27.864202,10.11198,0.364451,,,DS7_2p_5_activity_indi,DS7
FWHMdata_expres,27.939776,29.366435,0.369885,,,DS7_2p_ccfs,DS7
Contrastdata_expres,27.939776,29.366435,0.369885,,,DS7_2p_ccfs,DS7
FWHMdata_harps,27.939776,29.366435,0.369885,,,DS7_2p_ccfs,DS7
Contrastdata_harps,27.939776,29.366435,0.369885,,,DS7_2p_ccfs,DS7
FWHMdata_neid,27.939776,29.366435,0.369885,,,DS7_2p_ccfs,DS7
Contrastdata_neid,27.939776,29.366435,0.369885,,,DS7_2p_ccfs,DS7
BISdata_expres,27.640717,12.301918,0.407311,,,DS7_2p_4_activity_indi,DS7
FWHMdata_expres,27.640717,12.301918,0.407311,,,DS7_2p_4_activity_indi,DS7
Halphadata_expres,27.640717,12.301918,0.407311,,,DS7_2p_4_activity_indi,DS7
CaIIdata_expres,27.640717,12.301918,0.407311,,,DS7_2p_4_activity_indi,DS7
BISdata_harps,27.640717,12.301918,0.407311,,,DS7_2p_4_activity_indi,DS7
FWHMdata_harps,27.640717,12.301918,0.407311,,,DS7_2p_4_activity_indi,DS7
Halphadata_harps,27.640717,12.301918,0.407311,,,DS7_2p_4_activity_indi,DS7
CaIIdata_harps,27.640717,12.301918,0.407311,,,DS7_2p_4_activity_indi,DS7
BISdata_neid,27.640717,12.301918,0.407311,,,DS7_2p_4_activity_indi,DS7
FWHMdata_neid,27.640717,12.301918,0.407311,,,DS7_2p_4_activity_indi,DS7
Halphadata_neid,27.640717,12.301918,0.407311,,,DS7_2p_4_activity_indi,DS7
CaIIdata_neid,27.640717,12.301918,0.407311,,,DS7_2p_4_activity_indi,DS7
BISdata_expres,27.945865,16.684739,0.390482,,,DS7_2p_2_activity_indi,DS7
FWHMdata_expres,27.945865,16.684739,0.390482,,,DS7_2p_2_activity_indi,DS7
BISdata_harps,27.945865,16.684739,0.390482,,,DS7_2p_2_activity_indi,DS7
FWHMdata_harps,27.945865,16.684739,0.390482,,,DS7_2p_2_activity_indi,DS7
BISdata_neid,27.945865,16.684739,0.390482,,,DS7_2p_2_activity_indi,DS7
FWHMdata_neid,27.945865,16.684739,0.390482,,,DS7_2p_2_activity_indi,DS7
BISdata_expres,27.527018,10.471439,0.351054,,,DS7_3p_2_activity_indi,DS7
FWHMdata_expres,27.527018,10.471439,0.351054,,,DS7_3p_2_activity_indi,DS7
BISdata_harps,27.527018,10.471439,0.351054,,,DS7_3p_2_activity_indi,DS7
FWHMdata_harps,27.527018,10.471439,0.351054,,,DS7_3p_2_activity_indi,DS7
BISdata_neid,27.527018,10.471439,0.351054,,,DS7_3p_2_activity_indi,DS7
FWHMdata_neid,27.527018,10.471439,0.351054,,,DS7_3p_2_activity_indi,DS7
BISdata_expres,28.223295,21.443656,0.344622,,,DS7_3p_5_activity_indi,DS7
FWHMdata_expres,28.223295,21.443656,0.344622,,,DS7_3p_5_activity_indi,DS7
Contrastdata_expres,28.223295,21.443656,0.344622,,,DS7_3p_5_activity_indi,DS7
Halphadata_expres,28.223295,21.443656,0.344622,,,DS7_3p_5_activity_indi,DS7
CaIIdata_expres,28.223295,21.443656,0.344622,,,DS7_3p_5_activity_indi,DS7
BISdata_harps,28.223295,21.443656,0.344622,,,DS7_3p_5_activity_indi,DS7
FWHMdata_harps,28.223295,21.443656,0.344622,,,DS7_3p_5_activity_indi,DS7
Contrastdata_harps,28.223295,21.443656,0.344622,,,DS7_3p_5_activity_indi,DS7
Halphadata_harps,28.223295,21.443656,0.344622,,,DS7_3p_5_activity_indi,DS7
CaIIdata_harps,28.223295,21.443656,0.344622,,,DS7_3p_5_activity_indi,DS7
BISdata_neid,28.223295,21.443656,0.344622,,,DS7_3p_5_activity_indi,DS7
FWHMdata_neid,28.223295,21.443656,0.344622,,,DS7_3p_5_activity_indi,DS7
Contrastdata_neid,28.223295,21.443656,0.344622,,,DS7_3p_5_activity_indi,DS7
Halphadata_neid,28.223295,21.443656,0.344622,,,DS7_3p_5_activity_indi,DS7
CaIIdata_neid,28.223295,21.443656,0.344622,,,DS7_3p_5_activity_indi,DS7
BISdata_expres,27.875917,12.854996,0.386669,,,DS7_3p_4_activity_indi,DS7
FWHMdata_expres,27.875917,12.854996,0.386669,,,DS7_3p_4_activity_indi,DS7
Halphadata_expres,27.875917,12.854996,0.386669,,,DS7_3p_4_activity_indi,DS7
CaIIdata_expres,27.875917,12.854996,0.386669,,,DS7_3p_4_activity_indi,DS7
BISdata_harps,27.875917,12.854996,0.386669,,,DS7_3p_4_activity_indi,DS7
FWHMdata_harps,27.875917,12.854996,0.386669,,,DS7_3p_4_activity_indi,DS7
Halphadata_harps,27.875917,12.854996,0.386669,,,DS7_3p_4_activity_indi,DS7
CaIIdata_harps,27.875917,12.854996,0.386669,,,DS7_3p_4_activity_indi,DS7
BISdata_neid,27.875917,12.854996,0.386669,,,DS7_3p_4_activity_indi,DS7
FWHMdata_neid,27.875917,12.854996,0.386669,,,DS7_3p_4_activity_indi,DS7
Halphadata_neid,27.875917,12.854996,0.386669,,,DS7_3p_4_activity_indi,DS7
CaIIdata_neid,27.875917,12.854996,0.386669,,,DS7_3p_4_activity_indi,DS7
FWHMdata_expres,27.884284,10.725478,0.419143,,,DS7_3p_ccfs,DS7
Contrastdata_expres,27.884284,10.725478,0.419143,,,DS7_3p_ccfs,DS7
FWHMdata_harps,27.884284,10.725478,0.419143,,,DS7_3p_ccfs,DS7
Contrastdata_harps,27.884284,10.725478,0.419143,,,DS7_3p_ccfs,DS7
FWHMdata_neid,27.884284,10.725478,0.419143,,,DS7_3p_ccfs,DS7
Contrastdata_neid,27.884284,10.725478,0.419143,,,DS7_3p_ccfs,DS7
BISdata_expres,28.55855,12.800351,0.370375,,,DS8_1p_5_activity_indi,DS8
FWHMdata_expres,28.55855,12.800351,0.370375,,,DS8_1p_5_activity_indi,DS8
Contrastdata_expres,28.55855,12.800351,0.370375,,,DS8_1p_5_activity_indi,DS8
Halphadata_expres,28.55855,12.800351,0.370375,,,DS8_1p_5_activity_indi,DS8
CaIIdata_expres,28.55855,12.800351,0.370375,,,DS8_1p_5_activity_indi,DS8
BISdata_harps,28.55855,12.800351,0.370375,,,DS8_1p_5_activity_indi,DS8
FWHMdata_harps,28.55855,12.800351,0.370375,,,DS8_1p_5_activity_indi,DS8
Contrastdata_harps,28.55855,12.800351,0.370375,,,DS8_1p_5_activity_indi,DS8
Halphadata_harps,28.55855,12.800351,0.370375,,,DS8_1p_5_activity_indi,DS8
CaIIdata_harps,28.55855,12.800351,0.370375,,,DS8_1p_5_activity_indi,DS8
BISdata_neid,28.55855,12.800351,0.370375,,,DS8_1p_5_activity_indi,DS8
FWHMdata_neid,28.55855,12.800351,0.370375,,,DS8_1p_5_activity_indi,DS8
Contrastdata_neid,28.55855,12.800351,0.370375,,,DS8_1p_5_activity_indi,DS8
Halphadata_neid,28.55855,12.800351,0.370375,,,DS8_1p_5_activity_indi,DS8
CaIIdata_neid,28.55855,12.800351,0.370375,,,DS8_1p_5_activity_indi,DS8
FWHMdata_expres,28.216965,46.772111,0.397333,,,DS8_1p_ccfs,DS8
Contrastdata_expres,28.216965,46.772111,0.397333,,,DS8_1p_ccfs,DS8
FWHMdata_harps,28.216965,46.772111,0.397333,,,DS8_1p_ccfs,DS8
Contrastdata_harps,28.216965,46.772111,0.397333,,,DS8_1p_ccfs,DS8
FWHMdata_neid,28.216965,46.772111,0.397333,,,DS8_1p_ccfs,DS8
Contrastdata_neid,28.216965,46.772111,0.397333,,,DS8_1p_ccfs,DS8
BISdata_expres,28.47805,38.827704,0.419626,,,DS8_1p_4_activity_indi,DS8
FWHMdata_expres,28.47805,38.827704,0.419626,,,DS8_1p_4_activity_indi,DS8
Halphadata_expres,28.47805,38.827704,0.419626,,,DS8_1p_4_activity_indi,DS8
CaIIdata_expres,28.47805,38.827704,0.419626,,,DS8_1p_4_activity_indi,DS8
BISdata_harps,28.47805,38.827704,0.419626,,,DS8_1p_4_activity_indi,DS8
FWHMdata_harps,28.47805,38.827704,0.419626,,,DS8_1p_4_activity_indi,DS8
Halphadata_harps,28.47805,38.827704,0.419626,,,DS8_1p_4_activity_indi,DS8
CaIIdata_harps,28.47805,38.827704,0.419626,,,DS8_1p_4_activity_indi,DS8
BISdata_neid,28.47805,38.827704,0.419626,,,DS8_1p_4_activity_indi,DS8
FWHMdata_neid,28.47805,38.827704,0.419626,,,DS8_1p_4_activity_indi,DS8
Halphadata_neid,28.47805,38.827704,0.419626,,,DS8_1p_4_activity_indi,DS8
CaIIdata_neid,28.47805,38.827704,0.419626,,,DS8_1p_4_activity_indi,DS8
BISdata_expres,28.406817,33.585472,0.413317,,,DS8_1p_2_activity_indi,DS8
FWHMdata_expres,28.406817,33.585472,0.413317,,,DS8_1p_2_activity_indi,DS8
BISdata_harps,28.406817,33.585472,0.413317,,,DS8_1p_2_activity_indi,DS8
FWHMdata_harps,28.406817,33.585472,0.413317,,,DS8_1p_2_activity_indi,DS8
BISdata_neid,28.406817,33.585472,0.413317,,,DS8_1p_2_activity_indi,DS8
FWHMdata_neid,28.406817,33.585472,0.413317,,,DS8_1p_2_activity_indi,DS8
FWHMdata_expres,27.731601,16.674337,0.419413,,,DS8_2p_ccfs,DS8
Contrastdata_expres,27.731601,16.674337,0.419413,,,DS8_2p_ccfs,DS8
FWHMdata_harps,27.731601,16.674337,0.419413,,,DS8_2p_ccfs,DS8
Contrastdata_harps,27.731601,16.674337,0.419413,,,DS8_2p_ccfs,DS8
FWHMdata_neid,27.731601,16.674337,0.419413,,,DS8_2p_ccfs,DS8
Contrastdata_neid,27.731601,16.674337,0.419413,,,DS8_2p_ccfs,DS8
BISdata_expres,27.720909,11.079203,0.398114,,,DS8_2p_4_activity_indi,DS8
FWHMdata_expres,27.720909,11.079203,0.398114,,,DS8_2p_4_activity_indi,DS8
Halphadata_expres,27.720909,11.079203,0.398114,,,DS8_2p_4_activity_indi,DS8
CaIIdata_expres,27.720909,11.079203,0.398114,,,DS8_2p_4_activity_indi,DS8
BISdata_harps,27.720909,11.079203,0.398114,,,DS8_2p_4_activity_indi,DS8
FWHMdata_harps,27.720909,11.079203,0.398114,,,DS8_2p_4_activity_indi,DS8
Halphadata_harps,27.720909,11.079203,0.398114,,,DS8_2p_4_activity_indi,DS8
CaIIdata_harps,27.720909,11.079203,0.398114,,,DS8_2p_4_activity_indi,DS8
BISdata_neid,27.720909,11.079203,0.398114,,,DS8_2p_4_activity_indi,DS8
FWHMdata_neid,27.720909,11.079203,0.398114,,,DS8_2p_4_activity_indi,DS8
Halphadata_neid,27.720909,11.079203,0.398114,,,DS8_2p_4_activity_indi,DS8
CaIIdata_neid,27.720909,11.079203,0.398114,,,DS8_2p_4_activity_indi,DS8
BISdata_expres,27.899526,21.209215,0.407399,,,DS8_2p_2_activity_indi,DS8
FWHMdata_expres,27.899526,21.209215,0.407399,,,DS8_2p_2_activity_indi,DS8
BISdata_harps,27.899526,21.209215,0.407399,,,DS8_2p_2_activity_indi,DS8
FWHMdata_harps,27.899526,21.209215,0.407399,,,DS8_2p_2_activity_indi,DS8
BISdata_neid,27.899526,21.209215,0.407399,,,DS8_2p_2_activity_indi,DS8
FWHMdata_neid,27.899526,21.209215,0.407399,,,DS8_2p_2_activity_indi,DS8
BISdata_expres,28.092444,10.134843,0.348569,,,DS8_2p_5_activity_indi,DS8
FWHMdata_expres,28.092444,10.134843,0.348569,,,DS8_2p_5_activity_indi,DS8
Contrastdata_expres,28.092444,10.134843,0.348569,,,DS8_2p_5_activity_indi,DS8
Halphadata_expres,28.092444,10.134843,0.348569,,,DS8_2p_5_activity_indi,DS8
CaIIdata_expres,28.092444,10.134843,0.348569,,,DS8_2p_5_activity_indi,DS8
BISdata_harps,28.092444,10.134843,0.348569,,,DS8_2p_5_activity_indi,DS8
FWHMdata_harps,28.092444,10.134843,0.348569,,,DS8_2p_5_activity_indi,DS8
Contrastdata_harps,28.092444,10.134843,0.348569,,,DS8_2p_5_activity_indi,DS8
Halphadata_harps,28.092444,10.134843,0.348569,,,DS8_2p_5_activity_indi,DS8
CaIIdata_harps,28.092444,10.134843,0.348569,,,DS8_2p_5_activity_indi,DS8
BISdata_neid,28.092444,10.134843,0.348569,,,DS8_2p_5_activity_indi,DS8
FWHMdata_neid,28.092444,10.134843,0.348569,,,DS8_2p_5_activity_indi,DS8
Contrastdata_neid,28.092444,10.134843,0.348569,,,DS8_2p_5_activity_indi,DS8
Halphadata_neid,28.092444,10.134843,0.348569,,,DS8_2p_5_activity_indi,DS8
CaIIdata_neid,28.092444,10.134843,0.348569,,,DS8_2p_5_activity_indi,DS8
BISdata_expres,28.01843,25.41055,0.402083,,,DS8_3p_2_activity_indi,DS8
FWHMdata_expres,28.01843,25.41055,0.402083,,,DS8_3p_2_activity_indi,DS8
BISdata_harps,28.01843,25.41055,0.402083,,,DS8_3p_2_activity_indi,DS8
FWHMdata_harps,28.01843,25.41055,0.402083,,,DS8_3p_2_activity_indi,DS8
BISdata_neid,28.01843,25.41055,0.402083,,,DS8_3p_2_activity_indi,DS8
FWHMdata_neid,28.01843,25.41055,0.402083,,,DS8_3p_2_activity_indi,DS8
BISdata_expres,28.959992,10.425961,0.436233,,,DS8_3p_4_activity_indi,DS8
FWHMdata_expres,28.959992,10.425961,0.436233,,,DS8_3p_4_activity_indi,DS8
Halphadata_expres,28.959992,10.425961,0.436233,,,DS8_3p_4_activity_indi,DS8
CaIIdata_expres,28.959992,10.425961,0.436233,,,DS8_3p_4_activity_indi,DS8
BISdata_harps,28.959992,10.425961,0.436233,,,DS8_3p_4_activity_indi,DS8
FWHMdata_harps,28.959992,10.425961,0.436233,,,DS8_3p_4_activity_indi,DS8
Halphadata_harps,28.959992,10.425961,0.436233,,,DS8_3p_4_activity_indi,DS8
CaIIdata_harps,28.959992,10.425961,0.436233,,,DS8_3p_4_activity_indi,DS8
BISdata_neid,28.959992,10.425961,0.436233,,,DS8_3p_4_activity_indi,DS8
FWHMdata_neid,28.959992,10.425961,0.436233,,,DS8_3p_4_activity_indi,DS8
Halphadata_neid,28.959992,10.425961,0.436233,,,DS8_3p_4_activity_indi,DS8
CaIIdata_neid,28.959992,10.425961,0.436233,,,DS8_3p_4_activity_indi,DS8
BISdata_expres,27.630625,25.589155,0.363271,,,DS8_3p_5_activity_indi,DS8
FWHMdata_expres,27.630625,25.589155,0.363271,,,DS8_3p_5_activity_indi,DS8
Contrastdata_expres,27.630625,25.589155,0.363271,,,DS8_3p_5_activity_indi,DS8
Halphadata_expres,27.630625,25.589155,0.363271,,,DS8_3p_5_activity_indi,DS8
CaIIdata_expres,27.630625,25.589155,0.363271,,,DS8_3p_5_activity_indi,DS8
BISdata_harps,27.630625,25.589155,0.363271,,,DS8_3p_5_activity_indi,DS8
FWHMdata_harps,27.630625,25.589155,0.363271,,,DS8_3p_5_activity_indi,DS8
Contrastdata_harps,27.630625,25.589155,0.363271,,,DS8_3p_5_activity_indi,DS8
Halphadata_harps,27.630625,25.589155,0.363271,,,DS8_3p_5_activity_indi,DS8
CaIIdata_harps,27.630625,25.589155,0.363271,,,DS8_3p_5_activity_indi,DS8
BISdata_neid,27.630625,25.589155,0.363271,,,DS8_3p_5_activity_indi,DS8
FWHMdata_neid,27.630625,25.589155,0.363271,,,DS8_3p_5_activity_indi,DS8
Contrastdata_neid,27.630625,25.589155,0.363271,,,DS8_3p_5_activity_indi,DS8
Halphadata_neid,27.630625,25.589155,0.363271,,,DS8_3p_5_activity_indi,DS8
CaIIdata_neid,27.630625,25.589155,0.363271,,,DS8_3p_5_activity_indi,DS8
FWHMdata_expres,27.857956,30.513885,0.360714,,,DS8_3p_ccfs,DS8
Contrastdata_expres,27.857956,30.513885,0.360714,,,DS8_3p_ccfs,DS8
FWHMdata_harps,27.857956,30.513885,0.360714,,,DS8_3p_ccfs,DS8
Contrastdata_harps,27.857956,30.513885,0.360714,,,DS8_3p_ccfs,DS8
FWHMdata_neid,27.857956,30.513885,0.360714,,,DS8_3p_ccfs,DS8
Contrastdata_neid,27.857956,30.513885,0.360714,,,DS8_3p_ccfs,DS8
BISdata_expres,27.720756,13.366151,0.400158,,,DS9_1p_5_activity_indi,DS9
FWHMdata_expres,27.720756,13.366151,0.400158,,,DS9_1p_5_activity_indi,DS9
Contrastdata_expres,27.720756,13.366151,0.400158,,,DS9_1p_5_activity_indi,DS9
Halphadata_expres,27.720756,13.366151,0.400158,,,DS9_1p_5_activity_indi,DS9
CaIIdata_expres,27.720756,13.366151,0.400158,,,DS9_1p_5_activity_indi,DS9
BISdata_harps,27.720756,13.366151,0.400158,,,DS9_1p_5_activity_indi,DS9
FWHMdata_harps,27.720756,13.366151,0.400158,,,DS9_1p_5_activity_indi,DS9
Contrastdata_harps,27.720756,13.366151,0.400158,,,DS9_1p_5_activity_indi,DS9
Halphadata_harps,27.720756,13.366151,0.400158,,,DS9_1p_5_activity_indi,DS9
CaIIdata_harps,27.720756,13.366151,0.400158,,,DS9_1p_5_activity_indi,DS9
BISdata_neid,27.720756,13.366151,0.400158,,,DS9_1p_5_activity_indi,DS9
FWHMdata_neid,27.720756,13.366151,0.400158,,,DS9_1p_5_activity_indi,DS9
Contrastdata_neid,27.720756,13.366151,0.400158,,,DS9_1p_5_activity_indi,DS9
Halphadata_neid,27.720756,13.366151,0.400158,,,DS9_1p_5_activity_indi,DS9
CaIIdata_neid,27.720756,13.366151,0.400158,,,DS9_1p_5_activity_indi,DS9
FWHMdata_expres,27.877565,16.455346,0.394606,,,DS9_1p_ccfs,DS9
Contrastdata_expres,27.877565,16.455346,0.394606,,,DS9_1p_ccfs,DS9
FWHMdata_harps,27.877565,16.455346,0.394606,,,DS9_1p_ccfs,DS9
Contrastdata_harps,27.877565,16.455346,0.394606,,,DS9_1p_ccfs,DS9
FWHMdata_neid,27.877565,16.455346,0.394606,,,DS9_1p_ccfs,DS9
Contrastdata_neid,27.877565,16.455346,0.394606,,,DS9_1p_ccfs,DS9
BISdata_expres,28.158116,66.025508,0.395703,,,DS9_1p_2_activity_indi,DS9
FWHMdata_expres,28.158116,66.025508,0.395703,,,DS9_1p_2_activity_indi,DS9
BISdata_harps,28.158116,66.025508,0.395703,,,DS9_1p_2_activity_indi,DS9
FWHMdata_harps,28.158116,66.025508,0.395703,,,DS9_1p_2_activity_indi,DS9
BISdata_neid,28.158116,66.025508,0.395703,,,DS9_1p_2_activity_indi,DS9
FWHMdata_neid,28.158116,66.025508,0.395703,,,DS9_1p_2_activity_indi,DS9
BISdata_expres,28.062774,15.817729,0.364202,,,DS9_1p_4_activity_indi,DS9
FWHMdata_expres,28.062774,15.817729,0.364202,,,DS9_1p_4_activity_indi,DS9
Halphadata_expres,28.062774,15.817729,0.364202,,,DS9_1p_4_activity_indi,DS9
CaIIdata_expres,28.062774,15.817729,0.364202,,,DS9_1p_4_activity_indi,DS9
BISdata_harps,28.062774,15.817729,0.364202,,,DS9_1p_4_activity_indi,DS9
FWHMdata_harps,28.062774,15.817729,0.364202,,,DS9_1p_4_activity_indi,DS9
Halphadata_harps,28.062774,15.817729,0.364202,,,DS9_1p_4_activity_indi,DS9
CaIIdata_harps,28.062774,15.817729,0.364202,,,DS9_1p_4_activity_indi,DS9
BISdata_neid,28.062774,15.817729,0.364202,,,DS9_1p_4_activity_indi,DS9
FWHMdata_neid,28.062774,15.817729,0.364202,,,DS9_1p_4_activity_indi,DS9
Halphadata_neid,28.062774,15.817729,0.364202,,,DS9_1p_4_activity_indi,DS9
CaIIdata_neid,28.062774,15.817729,0.364202,,,DS9_1p_4_activity_indi,DS9
FWHMdata_expres,27.814683,12.448423,0.372241,,,DS9_2p_ccfs,DS9
Contrastdata_expres,27.814683,12.448423,0.372241,,,DS9_2p_ccfs,DS9
FWHMdata_harps,27.814683,12.448423,0.372241,,,DS9_2p_ccfs,DS9
Contrastdata_harps,27.814683,12.448423,0.372241,,,DS9_2p_ccfs,DS9
FWHMdata_neid,27.814683,12.448423,0.372241,,,DS9_2p_ccfs,DS9
Contrastdata_neid,27.814683,12.448423,0.372241,,,DS9_2p_ccfs,DS9
BISdata_expres,28.087073,30.931195,0.426348,,,DS9_2p_2_activity_indi,DS9
FWHMdata_expres,28.087073,30.931195,0.426348,,,DS9_2p_2_activity_indi,DS9
BISdata_harps,28.087073,30.931195,0.426348,,,DS9_2p_2_activity_indi,DS9
FWHMdata_harps,28.087073,30.931195,0.426348,,,DS9_2p_2_activity_indi,DS9
BISdata_neid,28.087073,30.931195,0.426348,,,DS9_2p_2_activity_indi,DS9
FWHMdata_neid,28.087073,30.931195,0.426348,,,DS9_2p_2_activity_indi,DS9
BISdata_expres,27.788078,17.673295,0.342533,,,DS9_2p_4_activity_indi,DS9
FWHMdata_expres,27.788078,17.673295,0.342533,,,DS9_2p_4_activity_indi,DS9
Halphadata_expres,27.788078,17.673295,0.342533,,,DS9_2p_4_activity_indi,DS9
CaIIdata_expres,27.788078,17.673295,0.342533,,,DS9_2p_4_activity_indi,DS9
BISdata_harps,27.788078,17.673295,0.342533,,,DS9_2p_4_activity_indi,DS9
FWHMdata_harps,27.788078,17.673295,0.342533,,,DS9_2p_4_activity_indi,DS9
Halphadata_harps,27.788078,17.673295,0.342533,,,DS9_2p_4_activity_indi,DS9
CaIIdata_harps,27.788078,17.673295,0.342533,,,DS9_2p_4_activity_indi,DS9
BISdata_neid,27.788078,17.673295,0.342533,,,DS9_2p_4_activity_indi,DS9
FWHMdata_neid,27.788078,17.673295,0.342533,,,DS9_2p_4_activity_indi,DS9
Halphadata_neid,27.788078,17.673295,0.342533,,,DS9_2p_4_activity_indi,DS9
CaIIdata_neid,27.788078,17.673295,0.342533,,,DS9_2p_4_activity_indi,DS9
BISdata_expres,27.933536,21.017468,0.35489,,,DS9_2p_5_activity_indi,DS9
FWHMdata_expres,27.933536,21.017468,0.35489,,,DS9_2p_5_activity_indi,DS9
Contrastdata_expres,27.933536,21.017468,0.35489,,,DS9_2p_5_activity_indi,DS9
Halphadata_expres,27.933536,21.017468,0.35489,,,DS9_2p_5_activity_indi,DS9
CaIIdata_expres,27.933536,21.017468,0.35489,,,DS9_2p_5_activity_indi,DS9
BISdata_harps,27.933536,21.017468,0.35489,,,DS9_2p_5_activity_indi,DS9
FWHMdata_harps,27.933536,21.017468,0.35489,,,DS9_2p_5_activity_indi,DS9
Contrastdata_harps,27.933536,21.017468,0.35489,,,DS9_2p_5_activity_indi,DS9
Halphadata_harps,27.933536,21.017468,0.35489,,,DS9_2p_5_activity_indi,DS9
CaIIdata_harps,27.933536,21.017468,0.35489,,,DS9_2p_5_activity_indi,DS9
BISdata_neid,27.933536,21.017468,0.35489,,,DS9_2p_5_activity_indi,DS9
FWHMdata_neid,27.933536,21.017468,0.35489,,,DS9_2p_5_activity_indi,DS9
Contrastdata_neid,27.933536,21.017468,0.35489,,,DS9_2p_5_activity_indi,DS9
Halphadata_neid,27.933536,21.017468,0.35489,,,DS9_2p_5_activity_indi,DS9
CaIIdata_neid,27.933536,21.017468,0.35489,,,DS9_2p_5_activity_indi,DS9
BISdata_expres,28.161282,12.532768,0.341311,,,DS9_3p_4_activity_indi,DS9
FWHMdata_expres,28.161282,12.532768,0.341311,,,DS9_3p_4_activity_indi,DS9
Halphadata_expres,28.161282,12.532768,0.341311,,,DS9_3p_4_activity_indi,DS9
CaIIdata_expres,28.161282,12.532768,0.341311,,,DS9_3p_4_activity_indi,DS9
BISdata_harps,28.161282,12.532768,0.341311,,,DS9_3p_4_activity_indi,DS9
FWHMdata_harps,28.161282,12.532768,0.341311,,,DS9_3p_4_activity_indi,DS9
Halphadata_harps,28.161282,12.532768,0.341311,,,DS9_3p_4_activity_indi,DS9
CaIIdata_harps,28.161282,12.532768,0.341311,,,DS9_3p_4_activity_indi,DS9
BISdata_neid,28.161282,12.532768,0.341311,,,DS9_3p_4_activity_indi,DS9
FWHMdata_neid,28.161282,12.532768,0.341311,,,DS9_3p_4_activity_indi,DS9
Halphadata_neid,28.161282,12.532768,0.341311,,,DS9_3p_4_activity_indi,DS9
CaIIdata_neid,28.161282,12.532768,0.341311,,,DS9_3p_4_activity_indi,DS9
BISdata_expres,28.440782,21.974727,0.393945,,,DS9_3p_2_activity_indi,DS9
FWHMdata_expres,28.440782,21.974727,0.393945,,,DS9_3p_2_activity_indi,DS9
BISdata_harps,28.440782,21.974727,0.393945,,,DS9_3p_2_activity_indi,DS9
FWHMdata_harps,28.440782,21.974727,0.393945,,,DS9_3p_2_activity_indi,DS9
BISdata_neid,28.440782,21.974727,0.393945,,,DS9_3p_2_activity_indi,DS9
FWHMdata_neid,28.440782,21.974727,0.393945,,,DS9_3p_2_activity_indi,DS9
BISdata_expres,28.346215,10.779757,0.372042,,,DS9_3p_5_activity_indi,DS9
FWHMdata_expres,28.346215,10.779757,0.372042,,,DS9_3p_5_activity_indi,DS9
Contrastdata_expres,28.346215,10.779757,0.372042,,,DS9_3p_5_activity_indi,DS9
Halphadata_expres,28.346215,10.779757,0.372042,,,DS9_3p_5_activity_indi,DS9
CaIIdata_expres,28.346215,10.779757,0.372042,,,DS9_3p_5_activity_indi,DS9
BISdata_harps,28.346215,10.779757,0.372042,,,DS9_3p_5_activity_indi,DS9
FWHMdata_harps,28.346215,10.779757,0.372042,,,DS9_3p_5_activity_indi,DS9
Contrastdata_harps,28.346215,10.779757,0.372042,,,DS9_3p_5_activity_indi,DS9
Halphadata_harps,28.346215,10.779757,0.372042,,,DS9_3p_5_activity_indi,DS9
CaIIdata_harps,28.346215,10.779757,0.372042,,,DS9_3p_5_activity_indi,DS9
BISdata_neid,28.346215,10.779757,0.372042,,,DS9_3p_5_activity_indi,DS9
FWHMdata_neid,28.346215,10.779757,0.372042,,,DS9_3p_5_activity_indi,DS9
Contrastdata_neid,28.346215,10.779757,0.372042,,,DS9_3p_5_activity_indi,DS9
Halphadata_neid,28.346215,10.779757,0.372042,,,DS9_3p_5_activity_indi,DS9
CaIIdata_neid,28.346215,10.779757,0.372042,,,DS9_3p_5_activity_indi,DS9
FWHMdata_expres,27.942367,11.885603,0.34539,,,DS9_3p_ccfs,DS9
Contrastdata_expres,27.942367,11.885603,0.34539,,,DS9_3p_ccfs,DS9
FWHMdata_harps,27.942367,11.885603,0.34539,,,DS9_3p_ccfs,DS9
Contrastdata_harps,27.942367,11.885603,0.34539,,,DS9_3p_ccfs,DS9
FWHMdata_neid,27.942367,11.885603,0.34539,,,DS9_3p_ccfs,DS9
Contrastdata_neid,27.942367,11.885603,0.34539,,,DS9_3p_ccfs,DS9
